id,first_name,last_name,email,phone,gender,ip_address
1,Janice,Burke,jburke0@ifeng.com,374-(531)129-7111,Female,2.62.76.54
2,Russell,Mccoy,rmccoy1@merriam-webster.com,63-(732)608-6659,Male,206.243.238.172
3,Kevin,Matthews,kmatthews2@reddit.com,7-(476)705-1126,Male,244.80.30.125
4,Harold,Fernandez,hfernandez3@symantec.com,351-(837)744-3128,Male,38.140.250.137
5,Anne,Bowman,abowman4@ycombinator.com,372-(998)226-0561,Female,193.17.122.7
6,Susan,Barnes,sbarnes5@shutterfly.com,963-(578)228-5676,Female,203.222.8.49
7,Earl,Phillips,ephillips6@loc.gov,1-(337)946-3011,Male,146.118.186.145
8,Harold,Ford,hford7@mail.ru,48-(668)199-4044,Male,139.106.108.40
9,Jeffrey,Reed,jreed8@youtu.be,1-(571)526-2095,Male,74.142.171.71
10,Samuel,Marshall,smarshall9@baidu.com,86-(827)739-4214,Male,226.6.43.16
11,Joyce,Hudson,jhudsona@altervista.org,62-(284)808-7511,Female,93.20.42.138
12,Joan,Harris,jharrisb@unesco.org,82-(983)334-6999,Female,171.84.203.33
13,Christopher,Flores,cfloresc@seattletimes.com,251-(707)591-8542,Male,24.80.25.13
14,Jeffrey,Matthews,jmatthewsd@yahoo.co.jp,380-(282)693-9759,Male,185.117.78.195
15,Mildred,Evans,mevanse@nature.com,63-(132)626-7812,Female,224.176.131.6
16,Harold,Watson,hwatsonf@reference.com,36-(650)948-3355,Male,252.145.242.107
17,Judy,Simpson,jsimpsong@upenn.edu,269-(570)788-5582,Female,155.93.248.197
18,Annie,Robinson,arobinsonh@phoca.cz,62-(644)305-7013,Female,15.218.176.23
19,Wanda,Cruz,wcruzi@indiegogo.com,86-(725)639-8752,Female,243.1.54.55
20,Wayne,Taylor,wtaylorj@pbs.org,46-(220)620-2834,Male,153.100.57.124
21,Raymond,Ortiz,rortizk@bluehost.com,93-(628)702-1188,Male,208.124.79.204
22,Katherine,Holmes,kholmesl@etsy.com,63-(959)980-2824,Female,100.143.185.194
23,Donna,Carr,dcarrm@nps.gov,84-(629)331-7590,Female,43.17.110.151
24,Thomas,Gordon,tgordonn@smugmug.com,975-(102)752-7205,Male,93.197.113.16
25,Donna,Morgan,dmorgano@imageshack.us,86-(187)813-8629,Female,189.157.27.118
26,Ruth,Schmidt,rschmidtp@squidoo.com,7-(439)958-4236,Female,10.101.223.105
27,Susan,George,sgeorgeq@taobao.com,48-(673)770-1157,Female,228.191.12.143
28,Steve,Daniels,sdanielsr@accuweather.com,86-(181)830-3710,Male,197.239.141.235
29,Rose,Simpson,rsimpsons@nydailynews.com,234-(859)131-1094,Female,218.118.211.55
30,Juan,Cox,jcoxt@deliciousdays.com,420-(772)745-5391,Male,242.193.136.135
31,Clarence,Sullivan,csullivanu@addthis.com,86-(402)239-0107,Male,245.132.199.6
32,Jonathan,Diaz,jdiazv@mozilla.org,93-(856)909-5454,Male,100.46.59.56
33,Randy,Scott,rscottw@uol.com.br,55-(828)717-0876,Male,193.165.8.166
34,Victor,Ramos,vramosx@ow.ly,7-(375)890-8566,Male,109.234.214.168
35,Alan,Harrison,aharrisony@ocn.ne.jp,63-(836)207-9441,Male,16.66.162.114
36,Kathryn,Ramos,kramosz@jalbum.net,62-(645)184-8447,Female,123.105.246.183
37,Ronald,Payne,rpayne10@ucoz.com,232-(581)784-0501,Male,121.37.156.135
38,Annie,Lee,alee11@independent.co.uk,46-(109)188-2174,Female,182.191.117.255
39,Ruth,Howell,rhowell12@latimes.com,86-(781)398-5846,Female,69.19.193.116
40,Daniel,Jenkins,djenkins13@rambler.ru,420-(316)347-5170,Male,142.202.166.108
41,Virginia,Smith,vsmith14@weebly.com,62-(746)933-6184,Female,38.98.140.158
42,Jennifer,King,jking15@nifty.com,62-(863)571-9251,Female,206.123.148.40
43,Andrew,Carpenter,acarpenter16@reuters.com,48-(223)845-4236,Male,154.197.126.24
44,Adam,Dean,adean17@wiley.com,7-(208)822-4538,Male,86.75.224.35
45,Gerald,Wheeler,gwheeler18@accuweather.com,963-(590)599-5521,Male,229.217.192.67
46,Albert,Cole,acole19@apache.org,7-(778)279-7043,Male,83.213.24.71
47,Frances,Cruz,fcruz1a@php.net,386-(520)490-1979,Female,85.128.199.4
48,Matthew,Sanchez,msanchez1b@clickbank.net,86-(617)615-5893,Male,97.181.85.146
49,Catherine,Kennedy,ckennedy1c@taobao.com,234-(368)664-2203,Female,149.166.41.131
50,Billy,Jackson,bjackson1d@uiuc.edu,33-(402)877-7596,Male,115.83.217.184
51,Sharon,Carpenter,scarpenter1e@friendfeed.com,92-(740)212-7489,Female,135.99.55.129
52,Roy,Howard,rhoward1f@google.com.br,385-(205)716-9972,Male,102.140.33.225
53,Juan,Chavez,jchavez1g@blog.com,57-(759)931-4205,Male,230.131.203.8
54,Jimmy,Ray,jray1h@vinaora.com,86-(260)925-4493,Male,9.185.13.111
55,Stephanie,Bishop,sbishop1i@seesaa.net,48-(879)599-8630,Female,171.252.20.205
56,Denise,Carpenter,dcarpenter1j@upenn.edu,7-(216)287-5011,Female,86.52.29.76
57,Frank,Carpenter,fcarpenter1k@weibo.com,52-(525)684-2678,Male,143.139.69.148
58,Jennifer,Lewis,jlewis1l@artisteer.com,92-(987)175-7041,Female,111.30.135.125
59,Deborah,Banks,dbanks1m@indiegogo.com,86-(377)924-1261,Female,225.54.57.136
60,Gerald,Ferguson,gferguson1n@eventbrite.com,86-(553)309-4012,Male,47.74.21.136
61,Barbara,Payne,bpayne1o@tinyurl.com,502-(588)960-0356,Female,225.162.210.73
62,Judy,Hill,jhill1p@weather.com,46-(724)154-5440,Female,66.232.95.192
63,Diane,Gonzalez,dgonzalez1q@cnbc.com,386-(705)807-1882,Female,40.189.94.195
64,Angela,Wheeler,awheeler1r@photobucket.com,420-(996)483-8261,Female,73.121.123.170
65,Joyce,Harris,jharris1s@usatoday.com,63-(773)636-9438,Female,185.235.173.241
66,Paul,Wagner,pwagner1t@harvard.edu,30-(417)523-0444,Male,189.34.81.90
67,Martin,Banks,mbanks1u@techcrunch.com,62-(529)368-8907,Male,207.100.5.88
68,Gloria,Myers,gmyers1v@about.com,52-(579)594-3721,Female,110.129.178.185
69,Thomas,Wagner,twagner1w@bigcartel.com,86-(228)513-1658,Male,193.103.172.140
70,Catherine,Edwards,cedwards1x@cafepress.com,7-(800)801-1916,Female,133.183.156.244
71,Emily,Hicks,ehicks1y@mapy.cz,234-(325)596-3983,Female,145.247.246.92
72,Earl,Gray,egray1z@about.me,62-(857)348-3970,Male,171.123.25.145
73,Sean,Mendoza,smendoza20@imageshack.us,51-(169)768-8976,Male,25.63.69.17
74,Roger,Howard,rhoward21@tinyurl.com,86-(862)895-2521,Male,190.57.80.130
75,Pamela,Castillo,pcastillo22@youtu.be,51-(758)442-7401,Female,68.169.148.169
76,Alice,Lee,alee23@dot.gov,51-(848)313-9455,Female,209.154.129.48
77,Jerry,Fields,jfields24@craigslist.org,48-(971)278-9760,Male,149.53.144.147
78,Kenneth,Wagner,kwagner25@eventbrite.com,970-(730)916-0646,Male,40.187.193.24
79,Ruth,Berry,rberry26@skype.com,51-(691)460-7724,Female,68.81.235.247
80,Gregory,Dunn,gdunn27@cyberchimps.com,60-(788)848-5605,Male,12.1.52.185
81,Linda,Roberts,lroberts28@indiatimes.com,374-(549)423-0074,Female,113.197.125.253
82,Phyllis,Gardner,pgardner29@wordpress.com,52-(386)744-5655,Female,131.213.82.85
83,Emily,Ferguson,eferguson2a@trellian.com,86-(166)665-1344,Female,207.227.10.34
84,Juan,Owens,jowens2b@cbc.ca,86-(560)611-9962,Male,92.107.97.151
85,Andrew,Owens,aowens2c@ow.ly,51-(406)896-4222,Male,15.73.121.190
86,Carl,Day,cday2d@xrea.com,351-(765)237-0543,Male,71.44.66.247
87,Jessica,Knight,jknight2e@tripadvisor.com,81-(421)304-6248,Female,137.105.116.253
88,Shirley,White,swhite2f@twitpic.com,33-(118)165-9651,Female,129.194.32.45
89,Gerald,Lawrence,glawrence2g@issuu.com,33-(269)635-6438,Male,36.54.57.135
90,Albert,Mendoza,amendoza2h@tumblr.com,86-(105)451-9988,Male,248.223.17.190
91,Christopher,Knight,cknight2i@purevolume.com,62-(311)884-0167,Male,160.196.82.103
92,Ashley,Wallace,awallace2j@facebook.com,351-(117)223-9556,Female,202.82.151.97
93,Larry,Perez,lperez2k@spotify.com,54-(927)441-4421,Male,75.166.190.244
94,Charles,Moore,cmoore2l@storify.com,62-(613)291-9921,Male,237.58.177.63
95,Martin,Fisher,mfisher2m@edublogs.org,86-(113)619-1404,Male,252.27.36.218
96,Earl,Rivera,erivera2n@princeton.edu,48-(145)450-6515,Male,202.67.108.172
97,Nicole,Arnold,narnold2o@amazon.co.uk,86-(482)992-4420,Female,32.120.126.94
98,Gary,Hamilton,ghamilton2p@123-reg.co.uk,244-(503)549-3668,Male,15.51.138.78
99,George,Green,ggreen2q@wp.com,62-(757)625-9909,Male,242.169.52.124
100,Anthony,Collins,acollins2r@gmpg.org,33-(891)840-2085,Male,115.235.51.196
101,Roger,Hamilton,rhamilton2s@prnewswire.com,62-(153)874-0344,Male,117.116.239.202
102,Marilyn,Clark,mclark2t@bbb.org,7-(346)980-3256,Female,3.16.165.154
103,Jonathan,Sanchez,jsanchez2u@lycos.com,64-(349)642-2092,Male,117.31.187.108
104,John,Kim,jkim2v@shutterfly.com,7-(199)650-6742,Male,18.139.97.220
105,Roy,Simpson,rsimpson2w@yolasite.com,351-(606)530-0968,Male,15.182.217.227
106,Christine,Ward,cward2x@barnesandnoble.com,7-(968)484-3163,Female,78.173.59.236
107,Juan,Cunningham,jcunningham2y@seesaa.net,62-(146)259-5325,Male,57.202.141.118
108,Anna,Gomez,agomez2z@house.gov,33-(156)607-2114,Female,47.29.176.90
109,Gloria,Knight,gknight30@surveymonkey.com,358-(567)650-9068,Female,61.172.47.30
110,Joyce,Freeman,jfreeman31@census.gov,86-(418)335-1262,Female,151.168.3.121
111,Keith,Burton,kburton32@privacy.gov.au,46-(187)533-2972,Male,144.207.116.40
112,Emily,Harvey,eharvey33@istockphoto.com,372-(957)872-7651,Female,109.158.59.238
113,Louis,Moreno,lmoreno34@google.com.hk,232-(330)654-0648,Male,208.92.94.152
114,Amanda,Morales,amorales35@barnesandnoble.com,7-(434)897-8264,Female,79.212.136.62
115,Roy,Nichols,rnichols36@technorati.com,86-(764)293-0121,Male,252.90.170.135
116,Chris,Armstrong,carmstrong37@answers.com,380-(273)679-1353,Male,229.122.55.227
117,Carol,Bishop,cbishop38@tmall.com,7-(507)812-0143,Female,146.203.113.111
118,David,Wheeler,dwheeler39@etsy.com,62-(445)124-0453,Male,137.134.198.105
119,Jeremy,Edwards,jedwards3a@bandcamp.com,63-(321)850-2575,Male,155.144.90.165
120,Phyllis,Harper,pharper3b@yellowbook.com,1-(817)615-7489,Female,62.175.231.213
121,Betty,Fields,bfields3c@dailymail.co.uk,46-(237)490-1678,Female,199.135.77.137
122,Robin,Marshall,rmarshall3d@lulu.com,351-(941)689-3168,Female,90.20.45.60
123,Jack,Bell,jbell3e@deliciousdays.com,1-(678)221-6558,Male,53.61.76.41
124,Anne,Freeman,afreeman3f@seesaa.net,977-(895)939-1978,Female,217.127.114.54
125,Jeremy,Bishop,jbishop3g@weibo.com,86-(844)591-4788,Male,90.247.92.76
126,Beverly,Burton,bburton3h@geocities.jp,503-(588)900-5713,Female,182.65.124.156
127,Russell,Jones,rjones3i@free.fr,93-(261)289-3999,Male,49.249.180.218
128,Ernest,Ward,eward3j@abc.net.au,86-(822)762-0413,Male,137.90.202.2
129,Nicole,Mendoza,nmendoza3k@amazon.co.uk,62-(305)215-1629,Female,213.247.118.20
130,Jesse,Scott,jscott3l@geocities.com,62-(521)223-8872,Male,12.106.17.251
131,Russell,Bennett,rbennett3m@state.tx.us,62-(921)685-1415,Male,165.70.94.185
132,Cheryl,Fisher,cfisher3n@tinyurl.com,256-(524)841-5860,Female,81.224.113.25
133,Melissa,Price,mprice3o@hud.gov,55-(876)236-7465,Female,234.182.147.162
134,Brenda,Porter,bporter3p@lulu.com,66-(337)971-3599,Female,25.155.40.167
135,Philip,Romero,promero3q@live.com,33-(943)881-2728,Male,196.47.116.237
136,Donald,Gomez,dgomez3r@lulu.com,86-(113)462-6450,Male,53.141.90.55
137,Carl,Hamilton,chamilton3s@mit.edu,7-(366)678-9130,Male,34.165.46.121
138,Chris,Sanchez,csanchez3t@google.co.jp,86-(981)446-9226,Male,172.4.210.15
139,Janice,Gonzales,jgonzales3u@sina.com.cn,86-(706)549-8233,Female,67.173.179.21
140,Jeremy,Fox,jfox3v@tinyurl.com,86-(399)486-8507,Male,190.206.2.50
141,Kenneth,George,kgeorge3w@indiegogo.com,33-(456)712-7416,Male,155.150.203.19
142,Jeffrey,Medina,jmedina3x@weather.com,594-(527)455-0512,Male,52.45.208.176
143,Wanda,Sims,wsims3y@seesaa.net,963-(182)297-5920,Female,37.80.137.6
144,Earl,Johnston,ejohnston3z@printfriendly.com,502-(961)675-5276,Male,25.44.204.92
145,Denise,Reyes,dreyes40@biblegateway.com,86-(298)275-0635,Female,110.59.176.142
146,Raymond,Vasquez,rvasquez41@ustream.tv,62-(729)641-6511,Male,19.219.30.104
147,Rachel,Barnes,rbarnes42@nydailynews.com,1-(465)889-5559,Female,126.218.43.134
148,Rose,Little,rlittle43@blinklist.com,54-(994)446-7573,Female,233.152.130.200
149,Elizabeth,Welch,ewelch44@noaa.gov,1-(481)587-7082,Female,161.149.207.165
150,Roger,Jenkins,rjenkins45@fda.gov,502-(657)267-8136,Male,114.188.102.207
151,Edward,Jones,ejones46@cnet.com,33-(200)108-4284,Male,204.125.162.83
152,Jonathan,Fox,jfox47@nih.gov,998-(151)487-4790,Male,143.157.192.129
153,Dennis,Bennett,dbennett48@biglobe.ne.jp,216-(150)933-2759,Male,190.198.238.191
154,Daniel,Simpson,dsimpson49@hc360.com,236-(709)374-7784,Male,99.74.205.174
155,Ruby,Gomez,rgomez4a@wikispaces.com,62-(224)559-5596,Female,214.151.7.95
156,Lori,Stewart,lstewart4b@japanpost.jp,964-(922)848-5106,Female,134.192.250.43
157,Louis,Baker,lbaker4c@cnn.com,86-(612)269-4428,Male,8.242.16.92
158,Harold,Sanchez,hsanchez4d@vkontakte.ru,86-(878)745-8653,Male,165.118.167.78
159,Billy,Lynch,blynch4e@nydailynews.com,855-(785)770-1387,Male,109.1.219.161
160,Larry,Greene,lgreene4f@ocn.ne.jp,33-(405)629-2840,Male,135.2.179.251
161,Eugene,Harris,eharris4g@a8.net,30-(734)828-8139,Male,1.149.227.51
162,Karen,Fisher,kfisher4h@forbes.com,86-(696)354-0982,Female,59.61.76.203
163,Deborah,Gilbert,dgilbert4i@symantec.com,1-(730)717-3830,Female,109.94.248.194
164,Christopher,Hill,chill4j@nationalgeographic.com,7-(330)580-3139,Male,176.166.237.207
165,Earl,George,egeorge4k@tinyurl.com,389-(400)235-3131,Male,8.245.14.15
166,Nancy,Romero,nromero4l@naver.com,46-(255)348-1695,Female,202.103.21.97
167,Scott,Martinez,smartinez4m@hibu.com,691-(606)759-7040,Male,247.153.11.222
168,Donald,Garrett,dgarrett4n@springer.com,62-(207)297-9436,Male,202.192.55.34
169,Joan,Warren,jwarren4o@github.com,62-(234)254-3645,Female,47.20.9.31
170,Bobby,Washington,bwashington4p@usa.gov,55-(472)953-3899,Male,197.35.152.6
171,Larry,Bowman,lbowman4q@meetup.com,34-(255)409-6449,Male,236.19.153.194
172,Keith,Hansen,khansen4r@alibaba.com,62-(264)113-1266,Male,180.138.24.245
173,Stephanie,Johnston,sjohnston4s@seattletimes.com,62-(995)116-5429,Female,21.221.210.136
174,Kathleen,Price,kprice4t@example.com,81-(584)949-3266,Female,198.73.16.201
175,Beverly,Armstrong,barmstrong4u@go.com,994-(781)256-2848,Female,250.129.252.43
176,Robert,West,rwest4v@taobao.com,47-(268)777-7979,Male,228.234.76.249
177,Ruth,Gordon,rgordon4w@free.fr,212-(113)693-2797,Female,255.114.76.95
178,Henry,Long,hlong4x@reverbnation.com,234-(593)572-5117,Male,173.248.223.228
179,Norma,Medina,nmedina4y@sfgate.com,86-(695)778-6730,Female,144.5.178.106
180,Thomas,Mendoza,tmendoza4z@chronoengine.com,86-(250)793-2532,Male,192.101.45.96
181,Richard,Wagner,rwagner50@jigsy.com,351-(332)788-8467,Male,25.82.213.9
182,Rebecca,Gordon,rgordon51@scientificamerican.com,86-(628)563-7246,Female,65.75.214.14
183,Lawrence,Morrison,lmorrison52@home.pl,380-(147)174-8680,Male,203.212.73.191
184,Steven,Hicks,shicks53@guardian.co.uk,86-(662)257-1468,Male,79.132.47.41
185,Lillian,Hayes,lhayes54@pbs.org,84-(405)423-4964,Female,48.144.170.157
186,Kimberly,Romero,kromero55@networksolutions.com,62-(592)745-4340,Female,108.53.60.5
187,Joe,Roberts,jroberts56@ft.com,55-(789)990-1656,Male,125.251.166.210
188,Pamela,Hamilton,phamilton57@scientificamerican.com,63-(157)960-0974,Female,30.235.57.186
189,Carl,Porter,cporter58@opensource.org,81-(599)666-3965,Male,83.86.176.161
190,Sarah,Dixon,sdixon59@free.fr,7-(253)619-6963,Female,191.133.189.80
191,Jeffrey,Sanchez,jsanchez5a@storify.com,7-(622)177-9082,Male,88.109.196.36
192,Laura,Phillips,lphillips5b@sogou.com,7-(328)215-8162,Female,24.134.193.120
193,Linda,Sanders,lsanders5c@4shared.com,86-(649)764-0438,Female,228.84.138.87
194,Ann,Woods,awoods5d@sohu.com,55-(422)600-1162,Female,254.4.122.36
195,Catherine,Hernandez,chernandez5e@ebay.com,62-(341)448-9518,Female,96.180.193.232
196,Evelyn,Larson,elarson5f@phpbb.com,355-(929)107-8760,Female,167.154.246.23
197,Chris,Rogers,crogers5g@usatoday.com,62-(882)603-4740,Male,66.142.94.239
198,Shawn,Elliott,selliott5h@nymag.com,1-(757)290-3826,Male,183.4.176.76
199,Brandon,Edwards,bedwards5i@ehow.com,975-(947)656-5094,Male,222.10.130.103
200,Wanda,Weaver,wweaver5j@arstechnica.com,358-(612)539-7290,Female,116.231.124.174
201,Julie,Palmer,jpalmer5k@amazonaws.com,92-(971)139-1166,Female,157.62.33.221
202,Carlos,Murray,cmurray5l@ebay.com,1-(587)421-0478,Male,85.135.179.129
203,Benjamin,Day,bday5m@joomla.org,64-(861)972-8738,Male,30.136.125.192
204,Lori,Shaw,lshaw5n@prlog.org,380-(351)112-8216,Female,175.125.33.84
205,Amy,Walker,awalker5o@miibeian.gov.cn,383-(648)538-3111,Female,5.100.249.113
206,Gerald,Boyd,gboyd5p@marketwatch.com,218-(213)604-9937,Male,246.61.138.29
207,Carol,Grant,cgrant5q@umn.edu,98-(785)877-9870,Female,162.194.146.25
208,Steve,Reyes,sreyes5r@histats.com,62-(975)190-5460,Male,89.130.254.52
209,Brian,Welch,bwelch5s@csmonitor.com,1-(534)479-9497,Male,35.161.47.174
210,Gerald,Robinson,grobinson5t@ucoz.ru,63-(181)624-3153,Male,143.174.9.255
211,Brian,Knight,bknight5u@ameblo.jp,7-(309)395-4433,Male,247.68.194.139
212,Nicholas,Perry,nperry5v@whitehouse.gov,62-(765)665-7541,Male,200.56.6.148
213,Brenda,Mills,bmills5w@example.com,62-(623)199-9705,Female,232.57.236.44
214,Kimberly,Hayes,khayes5x@canalblog.com,86-(254)306-4463,Female,156.145.44.87
215,Samuel,Mccoy,smccoy5y@typepad.com,57-(320)859-1316,Male,190.37.51.147
216,Lori,Griffin,lgriffin5z@dion.ne.jp,55-(240)816-5341,Female,98.20.148.166
217,Lori,Griffin,lgriffin60@ca.gov,27-(985)800-0481,Female,194.183.241.120
218,Cheryl,Campbell,ccampbell61@twitter.com,48-(545)879-1679,Female,248.53.26.198
219,Thomas,Hudson,thudson62@ed.gov,226-(660)690-9983,Male,2.108.247.176
220,Donna,Richards,drichards63@1und1.de,226-(983)551-2848,Female,91.131.179.177
221,Katherine,Carroll,kcarroll64@time.com,62-(263)990-2658,Female,33.185.58.105
222,Jennifer,White,jwhite65@ted.com,7-(936)219-5063,Female,117.46.145.127
223,Julie,Edwards,jedwards66@mozilla.org,86-(193)260-1920,Female,226.4.242.179
224,Aaron,Andrews,aandrews67@netscape.com,62-(828)177-8762,Male,22.200.38.31
225,Linda,Young,lyoung68@disqus.com,234-(467)252-0177,Female,186.40.252.185
226,Terry,Graham,tgraham69@4shared.com,63-(793)688-8590,Male,137.37.150.204
227,Pamela,Payne,ppayne6a@google.co.jp,86-(646)265-3266,Female,240.254.21.225
228,Kimberly,Ford,kford6b@networkadvertising.org,7-(997)224-9113,Female,120.216.109.29
229,Gerald,Mitchell,gmitchell6c@goo.ne.jp,251-(180)499-2542,Male,128.189.106.92
230,Brian,Hart,bhart6d@mlb.com,64-(563)971-4309,Male,31.139.167.252
231,Earl,Barnes,ebarnes6e@smh.com.au,380-(674)366-8741,Male,207.75.101.219
232,Marilyn,Hansen,mhansen6f@sun.com,62-(905)128-9009,Female,68.32.75.137
233,Samuel,Powell,spowell6g@tinyurl.com,351-(156)972-3234,Male,245.33.3.120
234,Patricia,Gibson,pgibson6h@yandex.ru,86-(260)111-4443,Female,241.89.202.254
235,Robin,Henry,rhenry6i@loc.gov,45-(340)388-5809,Female,27.74.238.112
236,Christine,Hunter,chunter6j@wix.com,7-(349)348-2067,Female,216.253.4.94
237,Janice,Jackson,jjackson6k@parallels.com,86-(973)104-8594,Female,50.0.48.251
238,Jack,Gomez,jgomez6l@over-blog.com,93-(833)814-9326,Male,122.22.33.187
239,Teresa,Gonzales,tgonzales6m@arstechnica.com,86-(987)812-5959,Female,120.211.183.43
240,Charles,Robinson,crobinson6n@wikispaces.com,33-(379)648-5111,Male,21.136.70.41
241,Jennifer,Gordon,jgordon6o@ebay.co.uk,1-(610)802-6334,Female,158.210.207.137
242,Daniel,Gonzalez,dgonzalez6p@zimbio.com,81-(206)804-6442,Male,241.23.106.232
243,Matthew,Hicks,mhicks6q@netlog.com,54-(283)568-8721,Male,73.177.100.65
244,John,Payne,jpayne6r@vistaprint.com,504-(878)992-7081,Male,42.157.49.247
245,Bobby,Harrison,bharrison6s@homestead.com,234-(770)600-8197,Male,164.77.149.136
246,Jose,Mills,jmills6t@utexas.edu,55-(525)400-9540,Male,149.48.173.195
247,Keith,Grant,kgrant6u@nyu.edu,81-(769)782-0630,Male,154.151.107.230
248,Patrick,Brown,pbrown6v@163.com,351-(930)743-3938,Male,251.191.246.183
249,Michelle,Freeman,mfreeman6w@ca.gov,351-(312)871-3123,Female,195.63.27.152
250,Gerald,Ferguson,gferguson6x@blinklist.com,92-(646)622-9290,Male,188.92.93.161
251,Christina,Graham,cgraham6y@dell.com,49-(538)890-0060,Female,233.137.145.30
252,Jennifer,Hart,jhart6z@wikipedia.org,48-(109)243-6802,Female,48.81.29.246
253,Howard,Richards,hrichards70@clickbank.net,86-(265)612-4101,Male,44.21.5.53
254,Ann,Bennett,abennett71@trellian.com,387-(844)641-0475,Female,59.188.144.214
255,Kathy,Reed,kreed72@chronoengine.com,62-(605)313-9796,Female,233.154.197.12
256,Eugene,Barnes,ebarnes73@ocn.ne.jp,261-(413)505-6783,Male,226.19.94.219
257,Thomas,Morgan,tmorgan74@hud.gov,880-(248)160-9845,Male,152.209.128.31
258,Henry,Gibson,hgibson75@admin.ch,970-(884)408-5204,Male,88.177.45.193
259,Kenneth,Stanley,kstanley76@people.com.cn,33-(853)949-9079,Male,61.132.222.124
260,Christina,Lawson,clawson77@tripadvisor.com,55-(863)614-8769,Female,53.241.194.189
261,Jack,Gibson,jgibson78@slashdot.org,420-(589)438-6225,Male,43.191.211.24
262,Steven,Oliver,soliver79@booking.com,49-(297)465-0012,Male,158.112.150.186
263,Phillip,Miller,pmiller7a@goodreads.com,7-(678)178-0484,Male,73.178.14.41
264,Louise,Stephens,lstephens7b@fastcompany.com,351-(182)556-5907,Female,75.61.103.250
265,Sharon,Cox,scox7c@state.gov,46-(435)642-6012,Female,137.37.135.172
266,Charles,Ruiz,cruiz7d@com.com,351-(622)782-4766,Male,168.125.240.187
267,Jason,Smith,jsmith7e@last.fm,260-(303)474-2595,Male,229.122.0.163
268,Arthur,Perry,aperry7f@state.gov,62-(566)334-1189,Male,117.184.192.120
269,Henry,Sullivan,hsullivan7g@naver.com,62-(186)294-8507,Male,108.64.91.144
270,Nancy,Jacobs,njacobs7h@ox.ac.uk,230-(624)162-6949,Female,15.185.240.158
271,Joseph,Mason,jmason7i@cnbc.com,33-(459)524-0822,Male,177.195.46.17
272,Matthew,Lynch,mlynch7j@vinaora.com,86-(294)428-4385,Male,98.30.77.210
273,Shirley,Ryan,sryan7k@patch.com,55-(294)153-8086,Female,10.100.125.3
274,Howard,Holmes,hholmes7l@unblog.fr,7-(197)237-3771,Male,107.163.78.114
275,Brandon,Oliver,boliver7m@arizona.edu,380-(785)267-4986,Male,221.185.103.157
276,Jacqueline,Ramos,jramos7n@domainmarket.com,62-(862)877-9308,Female,84.163.57.73
277,John,Jackson,jjackson7o@typepad.com,86-(654)333-9859,Male,31.234.55.33
278,Kelly,Harvey,kharvey7p@prlog.org,62-(388)742-9338,Female,57.89.56.188
279,Steven,Ford,sford7q@smugmug.com,86-(214)760-7057,Male,216.159.219.52
280,Karen,Ferguson,kferguson7r@addtoany.com,234-(783)231-6887,Female,92.134.144.203
281,Brenda,Reynolds,breynolds7s@vistaprint.com,255-(258)244-2139,Female,18.74.242.120
282,Ruth,Fuller,rfuller7t@unicef.org,27-(576)399-2702,Female,86.39.184.215
283,Bonnie,Frazier,bfrazier7u@twitpic.com,30-(353)688-2607,Female,135.234.223.60
284,Helen,Ross,hross7v@yelp.com,86-(818)720-3360,Female,59.12.213.201
285,Christina,Ruiz,cruiz7w@mozilla.com,86-(292)775-5932,Female,214.129.14.209
286,Susan,Jenkins,sjenkins7x@amazon.de,387-(499)451-2419,Female,206.249.121.15
287,Jason,Ramos,jramos7y@geocities.jp,54-(794)304-2057,Male,24.81.22.68
288,Christina,Dunn,cdunn7z@creativecommons.org,972-(451)647-9988,Female,198.72.147.197
289,Elizabeth,Barnes,ebarnes80@sfgate.com,1-(571)870-2722,Female,97.225.35.236
290,Judith,Jackson,jjackson81@scribd.com,7-(925)348-2495,Female,155.217.15.219
291,Evelyn,Turner,eturner82@vkontakte.ru,358-(784)920-4284,Female,8.19.57.175
292,Kathy,Howard,khoward83@clickbank.net,7-(586)293-6885,Female,81.146.180.119
293,Jean,Torres,jtorres84@ox.ac.uk,62-(698)162-7825,Female,130.41.135.42
294,Angela,Peterson,apeterson85@skype.com,86-(917)615-2645,Female,197.142.153.209
295,Timothy,Turner,tturner86@myspace.com,86-(401)470-4281,Male,80.158.11.211
296,Jesse,Foster,jfoster87@businessinsider.com,62-(724)464-2110,Male,60.167.141.164
297,Peter,Mendoza,pmendoza88@cisco.com,1-(716)508-8939,Male,227.255.139.72
298,Cynthia,Flores,cflores89@networkadvertising.org,385-(185)545-2240,Female,240.28.183.160
299,Susan,Fowler,sfowler8a@hp.com,86-(824)630-1577,Female,188.27.182.59
300,Douglas,Martinez,dmartinez8b@marketwatch.com,86-(462)126-6027,Male,9.252.39.216
301,Donna,Murray,dmurray8c@privacy.gov.au,46-(270)931-7753,Female,4.4.106.28
302,Jean,Scott,jscott8d@prlog.org,84-(418)259-1061,Female,65.130.227.162
303,Eugene,Murray,emurray8e@businessweek.com,7-(440)361-8773,Male,128.210.46.233
304,Julie,Garza,jgarza8f@wiley.com,48-(103)421-6608,Female,69.199.69.8
305,Samuel,Reyes,sreyes8g@so-net.ne.jp,86-(406)708-5352,Male,31.77.51.17
306,Betty,Torres,btorres8h@google.com,82-(798)470-2662,Female,117.167.66.114
307,Juan,Hill,jhill8i@cbc.ca,30-(115)394-3327,Male,137.190.106.105
308,Denise,Pierce,dpierce8j@github.io,237-(254)126-6172,Female,22.88.72.121
309,Thomas,Edwards,tedwards8k@livejournal.com,52-(168)340-2362,Male,168.245.223.32
310,Eugene,Montgomery,emontgomery8l@merriam-webster.com,52-(877)386-2284,Male,152.87.23.147
311,Mary,Lewis,mlewis8m@theatlantic.com,86-(940)631-0582,Female,105.28.233.172
312,Rachel,Garza,rgarza8n@imdb.com,86-(951)758-9821,Female,58.132.26.74
313,Christopher,Ray,cray8o@yandex.ru,55-(504)228-6450,Male,128.155.134.246
314,Jessica,Grant,jgrant8p@paypal.com,46-(612)760-7422,Female,118.216.62.169
315,Jose,Hanson,jhanson8q@mashable.com,62-(815)357-6142,Male,65.226.243.38
316,Lillian,Kelly,lkelly8r@scribd.com,33-(879)307-1538,Female,139.217.242.83
317,Katherine,Welch,kwelch8s@alibaba.com,681-(541)725-6664,Female,40.194.161.197
318,Gary,Watkins,gwatkins8t@amazon.co.uk,86-(662)827-2027,Male,158.99.10.78
319,Richard,Johnston,rjohnston8u@tripadvisor.com,1-(253)448-6643,Male,142.25.145.197
320,Brian,Spencer,bspencer8v@behance.net,249-(992)281-6825,Male,65.174.177.183
321,Amanda,Oliver,aoliver8w@hatena.ne.jp,81-(164)173-1777,Female,61.53.95.74
322,Jacqueline,Arnold,jarnold8x@twitter.com,86-(565)611-5430,Female,56.209.8.235
323,Jennifer,Green,jgreen8y@newsvine.com,691-(629)491-7844,Female,19.72.41.11
324,Angela,Reyes,areyes8z@epa.gov,591-(802)661-1736,Female,46.226.80.153
325,Brandon,Bishop,bbishop90@bbb.org,62-(361)111-3628,Male,221.131.66.101
326,Daniel,Larson,dlarson91@diigo.com,1-(205)607-1585,Male,95.205.87.46
327,Jessica,Turner,jturner92@t.co,33-(668)546-1686,Female,239.87.248.177
328,Mildred,Henderson,mhenderson93@sphinn.com,81-(525)413-1032,Female,94.19.210.56
329,Jimmy,Campbell,jcampbell94@blog.com,235-(537)701-4278,Male,158.127.145.121
330,Angela,Coleman,acoleman95@engadget.com,62-(644)130-3246,Female,16.96.74.254
331,Louis,Wallace,lwallace96@engadget.com,62-(868)736-3953,Male,138.43.203.210
332,Todd,Warren,twarren97@multiply.com,380-(317)822-9064,Male,152.94.67.64
333,Shirley,Holmes,sholmes98@craigslist.org,33-(493)641-7577,Female,15.25.70.0
334,Brenda,Spencer,bspencer99@ezinearticles.com,27-(604)305-3854,Female,115.27.61.70
335,Scott,Smith,ssmith9a@furl.net,63-(329)711-4648,Male,107.117.124.14
336,Sean,Mitchell,smitchell9b@paypal.com,62-(611)488-1877,Male,109.179.6.104
337,Ronald,Hughes,rhughes9c@google.cn,84-(832)608-9772,Male,104.208.202.228
338,Dorothy,Richards,drichards9d@sciencedirect.com,64-(207)220-7853,Female,18.223.251.151
339,Eric,Frazier,efrazier9e@nasa.gov,7-(939)984-4976,Male,144.239.241.117
340,Charles,Rogers,crogers9f@123-reg.co.uk,30-(928)881-4172,Male,85.74.126.161
341,Rose,Chavez,rchavez9g@netlog.com,33-(282)172-4284,Female,121.142.112.8
342,Linda,Martin,lmartin9h@eventbrite.com,998-(207)543-3248,Female,112.176.239.195
343,Jennifer,Taylor,jtaylor9i@ezinearticles.com,380-(812)989-6231,Female,51.88.7.114
344,Albert,Fuller,afuller9j@princeton.edu,62-(938)276-8562,Male,32.40.39.149
345,Steve,Boyd,sboyd9k@bandcamp.com,33-(916)477-4985,Male,141.172.197.32
346,Roy,Freeman,rfreeman9l@parallels.com,1-(312)699-5013,Male,188.143.54.212
347,Barbara,Robinson,brobinson9m@admin.ch,48-(627)690-4378,Female,206.56.0.236
348,Jonathan,Miller,jmiller9n@cloudflare.com,55-(379)979-1068,Male,17.249.58.114
349,Marilyn,Knight,mknight9o@acquirethisname.com,880-(810)780-4267,Female,109.101.172.121
350,Ralph,Henderson,rhenderson9p@apple.com,53-(567)427-5694,Male,212.105.243.151
351,Andrea,Wheeler,awheeler9q@friendfeed.com,86-(611)665-8551,Female,185.61.15.194
352,Melissa,George,mgeorge9r@msn.com,55-(932)240-5418,Female,97.248.210.151
353,Christine,Watkins,cwatkins9s@e-recht24.de,46-(724)301-1183,Female,23.148.81.93
354,Albert,Sanchez,asanchez9t@bloomberg.com,356-(525)963-8662,Male,158.133.183.20
355,Chris,Payne,cpayne9u@taobao.com,7-(431)615-1393,Male,118.252.175.148
356,Heather,Murphy,hmurphy9v@mit.edu,7-(523)389-1036,Female,67.115.70.181
357,Anna,Burton,aburton9w@google.cn,7-(995)684-0149,Female,13.123.111.232
358,Eric,Patterson,epatterson9x@imgur.com,86-(516)144-9016,Male,81.214.139.252
359,Jesse,Vasquez,jvasquez9y@cargocollective.com,351-(551)647-3704,Male,50.234.127.178
360,Kevin,Garcia,kgarcia9z@mit.edu,66-(854)520-4323,Male,178.110.36.184
361,Rachel,Armstrong,rarmstronga0@macromedia.com,62-(548)992-9604,Female,6.140.104.164
362,Ashley,Garcia,agarciaa1@marriott.com,7-(314)507-2442,Female,30.44.138.139
363,Chris,Lawson,clawsona2@senate.gov,234-(155)314-9056,Male,88.74.75.39
364,Anna,Jackson,ajacksona3@myspace.com,48-(583)211-3830,Female,254.228.97.186
365,Jerry,Bell,jbella4@histats.com,55-(150)445-8718,Male,145.183.144.11
366,Steve,Gonzales,sgonzalesa5@edublogs.org,33-(473)533-8553,Male,249.132.119.153
367,Jack,Lawrence,jlawrencea6@usda.gov,86-(881)476-6822,Male,209.103.27.197
368,Carlos,Alexander,calexandera7@ning.com,255-(762)373-6756,Male,3.156.182.221
369,Diana,Ellis,dellisa8@apache.org,7-(900)790-1990,Female,53.3.20.209
370,Anthony,Elliott,aelliotta9@ustream.tv,63-(947)641-9137,Male,1.166.87.213
371,Brian,Bell,bbellaa@nhs.uk,86-(268)679-4069,Male,56.77.238.223
372,Frances,Martin,fmartinab@apple.com,86-(236)800-5522,Female,198.76.119.78
373,Keith,Sanchez,ksanchezac@irs.gov,86-(924)789-9642,Male,176.231.5.50
374,Pamela,Snyder,psnyderad@cafepress.com,1-(980)316-7928,Female,15.150.128.100
375,Scott,Stone,sstoneae@gmpg.org,502-(242)278-7779,Male,9.73.21.238
376,Johnny,Garza,jgarzaaf@time.com,1-(675)509-7275,Male,131.198.218.243
377,Eric,Lewis,elewisag@soup.io,595-(669)570-9037,Male,27.196.73.96
378,Sharon,Ford,sfordah@facebook.com,7-(170)499-5260,Female,209.176.192.2
379,Andrea,Morales,amoralesai@ftc.gov,506-(247)967-9533,Female,159.48.96.94
380,Antonio,Hart,ahartaj@apache.org,963-(550)958-2963,Male,235.225.253.137
381,Joyce,Woods,jwoodsak@amazon.com,380-(208)497-6807,Female,9.135.36.97
382,Phillip,Reed,preedal@mashable.com,64-(405)881-5736,Male,65.68.226.196
383,Stephanie,Lopez,slopezam@dailymotion.com,86-(976)832-0632,Female,36.239.162.4
384,Evelyn,Hunt,ehuntan@deviantart.com,48-(223)368-7175,Female,69.116.234.156
385,Bonnie,Kennedy,bkennedyao@narod.ru,86-(935)736-6734,Female,181.24.14.147
386,Mary,Black,mblackap@yellowpages.com,62-(171)335-5159,Female,80.199.29.90
387,Steven,Edwards,sedwardsaq@shop-pro.jp,242-(121)131-4497,Male,22.100.111.158
388,Brenda,Andrews,bandrewsar@soup.io,52-(230)722-1798,Female,17.236.252.155
389,Gerald,Cook,gcookas@sakura.ne.jp,998-(915)549-4441,Male,186.32.98.163
390,Jennifer,Mendoza,jmendozaat@indiegogo.com,86-(919)944-2875,Female,48.10.238.47
391,Roger,Matthews,rmatthewsau@who.int,351-(815)307-3202,Male,75.220.152.32
392,Gary,Wallace,gwallaceav@bluehost.com,1-(757)685-4494,Male,31.111.87.252
393,Theresa,Lawrence,tlawrenceaw@dedecms.com,48-(258)777-4766,Female,113.5.207.138
394,Kenneth,Ortiz,kortizax@ustream.tv,63-(904)503-1618,Male,68.179.20.117
395,Jacqueline,Harrison,jharrisonay@examiner.com,55-(119)392-0634,Female,167.144.194.135
396,Ashley,Hanson,ahansonaz@google.pl,46-(496)526-5571,Female,8.56.65.140
397,Virginia,Hudson,vhudsonb0@4shared.com,504-(912)456-5801,Female,241.19.51.28
398,Cynthia,Reyes,creyesb1@icio.us,7-(666)838-1058,Female,69.145.119.189
399,Jennifer,Evans,jevansb2@bizjournals.com,86-(654)884-9032,Female,186.30.232.114
400,Margaret,Owens,mowensb3@hexun.com,385-(846)455-9959,Female,110.158.101.91
401,Theresa,Bishop,tbishopb4@delicious.com,7-(319)857-4031,Female,28.246.106.95
402,Howard,Bryant,hbryantb5@si.edu,507-(119)291-0068,Male,38.116.94.214
403,Louise,Fernandez,lfernandezb6@quantcast.com,62-(644)888-9483,Female,134.3.88.11
404,Joan,Mason,jmasonb7@ebay.com,86-(505)479-3702,Female,11.81.0.92
405,Nicole,Ortiz,nortizb8@sciencedaily.com,55-(984)204-5179,Female,107.253.223.146
406,Anne,Ortiz,aortizb9@sourceforge.net,63-(136)613-8876,Female,70.241.148.26
407,Susan,Harper,sharperba@indiatimes.com,1-(164)997-9334,Female,123.27.162.21
408,Lawrence,Stevens,lstevensbb@redcross.org,420-(197)128-4857,Male,213.222.104.63
409,Clarence,Shaw,cshawbc@de.vu,62-(183)572-5487,Male,54.148.142.10
410,John,Morales,jmoralesbd@forbes.com,7-(600)494-9606,Male,187.99.82.7
411,George,Arnold,garnoldbe@tiny.cc,48-(554)225-1046,Male,23.11.108.148
412,Susan,Knight,sknightbf@diigo.com,86-(542)740-3199,Female,197.202.237.250
413,Brenda,Moore,bmoorebg@bbb.org,55-(910)782-3541,Female,209.243.196.171
414,Deborah,Hill,dhillbh@weather.com,62-(851)756-2452,Female,69.112.231.34
415,Mark,Wagner,mwagnerbi@ustream.tv,420-(538)218-8562,Male,142.31.167.54
416,Jane,Scott,jscottbj@last.fm,962-(892)494-3448,Female,9.252.203.166
417,Paula,Cox,pcoxbk@marriott.com,46-(250)276-3137,Female,33.212.215.65
418,Juan,Torres,jtorresbl@tamu.edu,86-(849)880-8619,Male,113.141.93.159
419,Phyllis,Hunter,phunterbm@wordpress.org,81-(701)428-9302,Female,22.53.209.78
420,Martha,George,mgeorgebn@uiuc.edu,235-(638)620-4165,Female,72.174.215.187
421,Gregory,West,gwestbo@latimes.com,86-(614)785-8938,Male,134.131.169.180
422,Harry,Hill,hhillbp@printfriendly.com,33-(252)682-8802,Male,82.70.53.126
423,Lisa,Schmidt,lschmidtbq@fc2.com,86-(489)500-4289,Female,60.240.46.40
424,Andrea,Murphy,amurphybr@i2i.jp,1-(682)367-5278,Female,125.214.113.114
425,Tina,Richards,trichardsbs@php.net,86-(426)425-2865,Female,200.92.78.178
426,Joseph,Simmons,jsimmonsbt@examiner.com,966-(566)153-2148,Male,56.145.119.64
427,Juan,Mills,jmillsbu@statcounter.com,355-(470)554-5873,Male,9.74.163.36
428,Heather,Woods,hwoodsbv@discuz.net,216-(903)978-6627,Female,189.208.71.195
429,Eugene,Garrett,egarrettbw@illinois.edu,86-(557)985-8824,Male,192.148.106.156
430,Susan,Gordon,sgordonbx@amazonaws.com,51-(171)117-2376,Female,169.233.90.143
431,Randy,Brooks,rbrooksby@walmart.com,351-(404)610-9787,Male,17.77.175.249
432,Ruth,Morgan,rmorganbz@army.mil,86-(273)608-3964,Female,11.85.84.105
433,Anna,Ryan,aryanc0@google.ca,232-(479)774-0154,Female,14.142.216.127
434,Marilyn,Turner,mturnerc1@yellowpages.com,62-(629)875-7935,Female,192.143.191.167
435,Randy,Mitchell,rmitchellc2@java.com,7-(137)359-7923,Male,184.125.77.199
436,Nancy,Brooks,nbrooksc3@seattletimes.com,86-(706)938-3070,Female,166.127.105.0
437,Jacqueline,Phillips,jphillipsc4@ocn.ne.jp,62-(453)274-0215,Female,227.85.48.55
438,Pamela,Jenkins,pjenkinsc5@nytimes.com,86-(896)171-2174,Female,1.53.218.222
439,Ernest,Butler,ebutlerc6@ovh.net,86-(838)300-8993,Male,167.52.195.228
440,Philip,Adams,padamsc7@purevolume.com,1-(408)915-3255,Male,160.40.139.41
441,Emily,Rivera,eriverac8@amazon.de,86-(113)838-3111,Female,110.66.69.138
442,Anthony,Lawrence,alawrencec9@php.net,62-(110)693-9729,Male,128.178.8.207
443,Shawn,Gonzalez,sgonzalezca@wordpress.org,244-(699)190-6388,Male,2.131.208.139
444,Annie,Stone,astonecb@redcross.org,86-(319)786-9435,Female,232.31.152.236
445,Ryan,Graham,rgrahamcc@admin.ch,967-(789)452-1445,Male,204.155.130.13
446,Bonnie,Franklin,bfranklincd@gov.uk,86-(772)351-7455,Female,30.35.64.49
447,Debra,Meyer,dmeyerce@wisc.edu,380-(774)310-8619,Female,231.225.218.161
448,Shawn,Taylor,staylorcf@istockphoto.com,374-(629)488-5231,Male,182.169.106.196
449,Eugene,Montgomery,emontgomerycg@goo.ne.jp,505-(297)701-1587,Male,49.9.45.187
450,Matthew,Reed,mreedch@cbc.ca,86-(966)300-8518,Male,224.180.66.237
451,Karen,Vasquez,kvasquezci@sciencedaily.com,359-(119)459-3882,Female,40.249.173.132
452,Keith,Ward,kwardcj@ibm.com,55-(926)959-9422,Male,190.87.73.109
453,Andrew,Graham,agrahamck@ebay.com,420-(892)216-6781,Male,180.89.126.236
454,Carol,Jackson,cjacksoncl@infoseek.co.jp,48-(834)699-8149,Female,55.252.34.132
455,Brian,Boyd,bboydcm@1und1.de,55-(154)372-6374,Male,237.97.11.56
456,Rachel,Burton,rburtoncn@mayoclinic.com,351-(285)140-7119,Female,191.207.46.54
457,Janet,Roberts,jrobertsco@nsw.gov.au,86-(465)498-8462,Female,38.185.228.189
458,Cynthia,Bell,cbellcp@taobao.com,86-(295)188-3766,Female,56.117.214.128
459,Matthew,Stewart,mstewartcq@chicagotribune.com,86-(723)715-1014,Male,6.18.189.112
460,Thomas,Morris,tmorriscr@51.la,52-(482)272-8193,Male,94.63.5.92
461,Steven,Garrett,sgarrettcs@naver.com,54-(838)560-4179,Male,38.173.158.89
462,Gerald,Simpson,gsimpsonct@xrea.com,62-(289)708-3451,Male,115.33.131.133
463,Jimmy,Ryan,jryancu@google.co.uk,81-(901)329-8611,Male,211.221.50.142
464,Kathleen,White,kwhitecv@squidoo.com,351-(992)422-2068,Female,239.43.112.71
465,Walter,Stevens,wstevenscw@bravesites.com,86-(169)961-1746,Male,96.22.217.0
466,Andrea,Hansen,ahansencx@meetup.com,964-(362)681-1207,Female,132.166.216.185
467,Debra,Stewart,dstewartcy@moonfruit.com,242-(345)341-4634,Female,217.116.31.114
468,Eugene,Day,edaycz@liveinternet.ru,55-(276)360-5887,Male,92.32.210.238
469,Karen,Gilbert,kgilbertd0@sourceforge.net,1-(639)938-5999,Female,198.167.11.211
470,Andrew,Warren,awarrend1@newyorker.com,86-(669)147-7844,Male,67.46.7.214
471,Laura,Palmer,lpalmerd2@nyu.edu,226-(259)409-3594,Female,145.149.197.210
472,Lori,Lynch,llynchd3@army.mil,48-(475)970-7043,Female,129.7.168.152
473,Betty,Vasquez,bvasquezd4@mapquest.com,46-(792)960-5125,Female,218.17.163.244
474,Antonio,Garrett,agarrettd5@bravesites.com,996-(344)376-8435,Male,247.29.235.184
475,Randy,Palmer,rpalmerd6@springer.com,62-(151)546-8517,Male,148.202.134.42
476,Michael,Mason,mmasond7@google.nl,66-(876)933-8175,Male,150.131.236.77
477,Arthur,Webb,awebbd8@timesonline.co.uk,92-(991)151-0733,Male,184.147.227.196
478,Irene,Rose,irosed9@buzzfeed.com,63-(999)876-8853,Female,38.37.55.167
479,Judith,Miller,jmillerda@moonfruit.com,62-(928)603-0833,Female,50.178.126.143
480,Emily,Oliver,eoliverdb@people.com.cn,66-(606)138-1199,Female,226.147.195.18
481,Eric,Mason,emasondc@bluehost.com,86-(984)531-1513,Male,193.245.226.244
482,Karen,Martinez,kmartinezdd@pbs.org,62-(888)761-1455,Female,194.60.212.199
483,Kevin,Andrews,kandrewsde@unesco.org,1-(512)278-8100,Male,138.68.117.167
484,Andrew,Long,alongdf@webnode.com,62-(554)228-0101,Male,118.180.42.209
485,Lillian,Dean,ldeandg@howstuffworks.com,31-(747)741-9742,Female,149.193.197.175
486,Doris,Gonzalez,dgonzalezdh@scientificamerican.com,86-(624)414-5024,Female,61.26.196.65
487,Brenda,Flores,bfloresdi@plala.or.jp,420-(521)468-3856,Female,213.55.178.41
488,Dennis,Smith,dsmithdj@ibm.com,993-(648)836-1107,Male,25.109.76.189
489,Dorothy,Daniels,ddanielsdk@blogs.com,968-(536)446-8973,Female,85.27.194.138
490,Eric,Carpenter,ecarpenterdl@instagram.com,374-(971)874-5583,Male,201.71.130.213
491,Marie,Rose,mrosedm@ask.com,380-(427)120-2314,Female,245.146.34.160
492,Maria,Baker,mbakerdn@google.co.jp,86-(203)584-2442,Female,93.133.19.14
493,Teresa,Miller,tmillerdo@bigcartel.com,86-(397)297-4897,Female,107.50.52.215
494,Martin,Scott,mscottdp@bbc.co.uk,81-(193)627-3376,Male,66.73.28.235
495,Sharon,Sims,ssimsdq@comcast.net,48-(726)606-9258,Female,163.155.210.121
496,Henry,Carroll,hcarrolldr@apache.org,33-(558)140-6400,Male,107.149.87.69
497,Lisa,Coleman,lcolemands@un.org,375-(913)817-6957,Female,26.100.194.229
498,Timothy,Palmer,tpalmerdt@behance.net,52-(663)519-9982,Male,252.253.67.228
499,Jessica,Moore,jmooredu@hugedomains.com,48-(762)421-8048,Female,239.220.51.155
500,Martha,Rivera,mriveradv@flavors.me,51-(679)760-7663,Female,246.207.97.220
501,Joyce,Stephens,jstephensdw@w3.org,359-(892)841-0830,Female,235.50.206.192
502,Annie,Walker,awalkerdx@stanford.edu,505-(985)952-2133,Female,191.146.91.167
503,Dorothy,Kelley,dkelleydy@fda.gov,86-(766)708-5672,Female,140.109.9.33
504,Cynthia,Jackson,cjacksondz@house.gov,33-(335)402-4174,Female,8.242.190.92
505,Joshua,Bowman,jbowmane0@prnewswire.com,86-(479)303-5451,Male,175.67.92.161
506,Albert,Cook,acooke1@twitter.com,27-(805)838-7032,Male,158.159.216.147
507,Jack,Jenkins,jjenkinse2@skyrock.com,359-(100)510-4996,Male,63.180.184.88
508,Angela,Brooks,abrookse3@state.tx.us,86-(332)625-6737,Female,195.205.219.243
509,Kevin,Owens,kowense4@disqus.com,49-(952)839-1294,Male,67.20.10.52
510,Chris,Ray,craye5@sbwire.com,86-(524)116-7251,Male,77.0.238.244
511,Scott,Stone,sstonee6@eepurl.com,1-(717)970-7827,Male,32.232.65.222
512,Carol,Hernandez,chernandeze7@eepurl.com,1-(263)474-1765,Female,119.174.104.139
513,Jessica,Hudson,jhudsone8@geocities.com,46-(893)384-1778,Female,140.48.4.39
514,Larry,Wallace,lwallacee9@sbwire.com,95-(786)579-9977,Male,57.33.169.4
515,Melissa,Lawson,mlawsonea@economist.com,33-(295)812-5686,Female,146.89.62.70
516,Jennifer,Snyder,jsnydereb@gnu.org,7-(865)362-5231,Female,136.252.189.238
517,Anne,Cruz,acruzec@usda.gov,374-(671)667-7871,Female,79.30.159.45
518,Jennifer,Walker,jwalkered@google.com,86-(613)649-1899,Female,162.33.186.240
519,Ronald,Kelley,rkelleyee@nydailynews.com,63-(876)834-5951,Male,96.157.135.196
520,Patricia,Stone,pstoneef@example.com,51-(258)119-8555,Female,227.183.66.234
521,Carlos,Turner,cturnereg@adobe.com,62-(429)122-3547,Male,61.232.241.206
522,Brenda,Williamson,bwilliamsoneh@jigsy.com,86-(100)437-4788,Female,162.190.125.69
523,Henry,Carpenter,hcarpenterei@php.net,33-(653)646-2168,Male,190.132.165.220
524,Betty,Henry,bhenryej@tiny.cc,51-(292)166-1014,Female,71.32.187.252
525,Evelyn,Garza,egarzaek@dyndns.org,62-(924)109-7794,Female,41.26.158.213
526,Amanda,Butler,abutlerel@hugedomains.com,63-(944)535-0253,Female,73.157.199.40
527,Jesse,Ray,jrayem@unesco.org,81-(533)837-0686,Male,127.105.203.138
528,Shirley,Campbell,scampbellen@zimbio.com,62-(387)317-8934,Female,165.66.76.20
529,James,Jackson,jjacksoneo@devhub.com,33-(255)115-7316,Male,202.107.153.246
530,David,Carroll,dcarrollep@mapy.cz,54-(773)123-0801,Male,69.47.239.181
531,Jimmy,Morris,jmorriseq@bloglovin.com,54-(223)539-9328,Male,225.147.205.30
532,Jacqueline,Ruiz,jruizer@google.ca,63-(395)504-9754,Female,172.255.226.197
533,Kathy,Morrison,kmorrisones@geocities.jp,7-(100)114-8555,Female,63.59.190.240
534,Matthew,Jenkins,mjenkinset@whitehouse.gov,55-(669)795-8728,Male,250.143.87.146
535,Amy,Ferguson,afergusoneu@icq.com,1-(216)342-7155,Female,21.210.241.228
536,Rachel,Montgomery,rmontgomeryev@godaddy.com,55-(503)867-7378,Female,172.44.248.126
537,Craig,Cox,ccoxew@goodreads.com,212-(303)209-2933,Male,76.109.132.33
538,Andrea,Dunn,adunnex@gravatar.com,46-(343)948-3605,Female,72.83.94.212
539,Margaret,Murray,mmurrayey@elegantthemes.com,33-(607)875-1043,Female,175.45.95.181
540,Beverly,Phillips,bphillipsez@woothemes.com,7-(984)200-3904,Female,103.231.89.236
541,Joshua,Arnold,jarnoldf0@123-reg.co.uk,86-(159)340-5125,Male,43.152.7.109
542,Russell,Carpenter,rcarpenterf1@latimes.com,48-(774)913-0193,Male,89.189.249.63
543,Carolyn,Morgan,cmorganf2@berkeley.edu,86-(368)552-3546,Female,222.193.197.146
544,Michael,Johnston,mjohnstonf3@china.com.cn,370-(361)272-6994,Male,89.46.86.167
545,Ryan,Rodriguez,rrodriguezf4@symantec.com,62-(604)238-1764,Male,87.27.186.99
546,Margaret,King,mkingf5@huffingtonpost.com,86-(374)897-8943,Female,91.98.244.4
547,Keith,Boyd,kboydf6@dell.com,27-(144)389-5067,Male,37.38.45.32
548,Cheryl,Elliott,celliottf7@cornell.edu,86-(119)971-3787,Female,70.70.70.104
549,Donald,Vasquez,dvasquezf8@ft.com,45-(484)116-2008,Male,90.60.254.13
550,Wanda,Cox,wcoxf9@economist.com,20-(751)703-0790,Female,43.243.255.254
551,Martha,Boyd,mboydfa@exblog.jp,62-(614)225-6488,Female,0.249.188.206
552,Anthony,Hudson,ahudsonfb@sphinn.com,62-(434)559-1257,Male,212.173.210.142
553,Jimmy,Black,jblackfc@google.fr,86-(286)964-4469,Male,63.52.84.149
554,Carlos,Mitchell,cmitchellfd@51.la,86-(325)269-5172,Male,162.151.124.237
555,Howard,Warren,hwarrenfe@friendfeed.com,86-(667)109-1554,Male,162.249.203.26
556,Larry,Wheeler,lwheelerff@timesonline.co.uk,86-(651)321-2553,Male,108.143.102.96
557,Andrew,Oliver,aoliverfg@irs.gov,62-(246)132-2921,Male,138.121.76.168
558,Gloria,Anderson,gandersonfh@ning.com,64-(805)265-8851,Female,236.36.189.132
559,Andrea,Carpenter,acarpenterfi@flickr.com,220-(637)635-8655,Female,171.38.159.23
560,Eugene,Porter,eporterfj@unicef.org,86-(347)678-1917,Male,226.206.88.125
561,Brandon,Young,byoungfk@wufoo.com,62-(698)763-1824,Male,36.27.112.91
562,Gloria,Welch,gwelchfl@mit.edu,380-(336)717-6589,Female,241.59.244.198
563,Ralph,Mccoy,rmccoyfm@howstuffworks.com,82-(402)260-3333,Male,249.20.209.113
564,Paul,Brooks,pbrooksfn@discovery.com,420-(287)584-1252,Male,200.80.195.5
565,Maria,Allen,mallenfo@npr.org,52-(986)184-6273,Female,123.90.203.22
566,Kimberly,Chavez,kchavezfp@hostgator.com,86-(329)303-2466,Female,162.223.216.123
567,Catherine,Day,cdayfq@blogger.com,54-(234)143-7953,Female,152.156.44.226
568,Martin,Andrews,mandrewsfr@mayoclinic.com,34-(819)306-7311,Male,146.16.252.43
569,Steven,Knight,sknightfs@google.co.jp,30-(635)287-3370,Male,148.118.101.50
570,Jose,Ruiz,jruizft@amazonaws.com,86-(944)611-4423,Male,27.232.44.129
571,Willie,Perry,wperryfu@themeforest.net,86-(129)509-7683,Male,84.34.176.188
572,Anthony,Rivera,ariverafv@freewebs.com,48-(146)423-5309,Male,120.204.133.113
573,Marilyn,Walker,mwalkerfw@disqus.com,62-(209)121-0280,Female,60.12.170.38
574,Diana,Ray,drayfx@discovery.com,234-(845)771-1390,Female,128.125.44.17
575,Kenneth,Taylor,ktaylorfy@google.de,86-(606)719-2107,Male,127.160.210.181
576,Norma,Armstrong,narmstrongfz@fc2.com,505-(257)699-3140,Female,120.1.250.120
577,Scott,Butler,sbutlerg0@ow.ly,976-(262)431-5969,Male,71.216.173.215
578,Peter,Hall,phallg1@foxnews.com,46-(304)377-3425,Male,124.184.114.114
579,Michael,Richards,mrichardsg2@cnbc.com,86-(504)429-4051,Male,249.252.211.73
580,Albert,Black,ablackg3@yahoo.com,48-(905)697-1725,Male,152.224.202.83
581,Jacqueline,Hansen,jhanseng4@e-recht24.de,86-(264)434-8214,Female,182.5.153.224
582,Jose,Bailey,jbaileyg5@yahoo.co.jp,86-(344)856-9800,Male,223.1.208.209
583,Virginia,Hawkins,vhawkinsg6@yelp.com,225-(878)854-1078,Female,0.168.119.221
584,Todd,Williams,twilliamsg7@ning.com,86-(930)227-7695,Male,191.2.191.92
585,Patricia,Hughes,phughesg8@canalblog.com,255-(588)704-0539,Female,221.161.213.213
586,Louise,Flores,lfloresg9@free.fr,86-(619)191-8905,Female,50.121.156.180
587,Jeffrey,Shaw,jshawga@adobe.com,54-(314)194-2219,Male,145.238.35.221
588,Lisa,Greene,lgreenegb@typepad.com,389-(973)277-3495,Female,194.68.221.7
589,Amanda,King,akinggc@vkontakte.ru,45-(342)974-7115,Female,220.155.154.230
590,Aaron,Willis,awillisgd@quantcast.com,420-(818)802-5348,Male,129.173.180.168
591,Kelly,Garrett,kgarrettge@theatlantic.com,86-(702)378-7928,Female,39.120.59.63
592,Sandra,Alvarez,salvarezgf@youtube.com,86-(259)445-6708,Female,75.43.244.242
593,Fred,Gilbert,fgilbertgg@networkadvertising.org,62-(825)594-9171,Male,254.166.80.233
594,Albert,Fernandez,afernandezgh@senate.gov,86-(643)838-0179,Male,246.239.69.250
595,Terry,Castillo,tcastillogi@bing.com,86-(661)443-9119,Male,241.85.168.58
596,Teresa,Webb,twebbgj@ning.com,7-(272)654-0666,Female,223.193.126.15
597,Gary,Perkins,gperkinsgk@wikipedia.org,86-(694)783-7067,Male,2.62.12.146
598,Gerald,Henderson,ghendersongl@reuters.com,98-(498)706-3517,Male,196.173.158.249
599,Debra,Washington,dwashingtongm@bloglines.com,63-(830)280-9291,Female,38.50.131.2
600,Douglas,Rose,drosegn@google.com.hk,94-(208)328-0154,Male,5.61.125.92
601,Walter,Richardson,wrichardsongo@seattletimes.com,57-(470)895-1379,Male,69.165.80.249
602,Billy,Patterson,bpattersongp@opera.com,233-(247)664-1399,Male,82.27.14.33
603,Brandon,Lane,blanegq@paginegialle.it,598-(968)173-7004,Male,88.154.178.2
604,Ryan,Gutierrez,rgutierrezgr@wufoo.com,33-(819)692-7613,Male,243.103.28.17
605,William,Romero,wromerogs@va.gov,33-(895)583-6919,Male,170.65.141.171
606,Anthony,Mendoza,amendozagt@altervista.org,64-(298)828-3810,Male,120.15.39.34
607,Henry,Wallace,hwallacegu@europa.eu,47-(206)417-6056,Male,28.67.149.150
608,Steven,Edwards,sedwardsgv@addthis.com,30-(282)836-1937,Male,212.56.31.216
609,Ralph,Cole,rcolegw@uiuc.edu,63-(910)424-1562,Male,203.234.107.88
610,Emily,Hawkins,ehawkinsgx@businessweek.com,505-(669)726-6305,Female,229.178.236.42
611,Rebecca,Kelley,rkelleygy@w3.org,212-(361)870-3420,Female,94.185.134.192
612,Sarah,Moore,smooregz@cocolog-nifty.com,962-(109)987-8509,Female,104.243.185.103
613,Joshua,Stanley,jstanleyh0@cpanel.net,62-(755)290-5346,Male,153.137.143.86
614,Donald,Howard,dhowardh1@engadget.com,48-(874)550-4178,Male,196.63.7.133
615,Dennis,Graham,dgrahamh2@upenn.edu,62-(855)712-6602,Male,47.244.109.251
616,Patrick,Frazier,pfrazierh3@foxnews.com,62-(254)756-7407,Male,216.209.102.202
617,Annie,Riley,arileyh4@goo.ne.jp,48-(528)752-1009,Female,15.46.198.56
618,Alice,Bishop,abishoph5@java.com,46-(285)483-4275,Female,72.197.225.120
619,Susan,Palmer,spalmerh6@oakley.com,62-(761)674-1566,Female,162.195.106.110
620,Justin,Turner,jturnerh7@mapquest.com,998-(401)152-4643,Male,63.98.55.185
621,Janet,Taylor,jtaylorh8@canalblog.com,234-(209)835-2013,Female,221.54.103.56
622,Ryan,Brown,rbrownh9@pcworld.com,373-(908)479-5734,Male,174.127.243.216
623,Evelyn,King,ekingha@diigo.com,7-(480)477-5493,Female,130.150.239.229
624,Juan,Fields,jfieldshb@sakura.ne.jp,63-(830)390-8771,Male,15.188.88.171
625,Marilyn,King,mkinghc@icio.us,86-(302)361-1964,Female,27.171.210.144
626,Sharon,Harris,sharrishd@fotki.com,7-(419)649-8074,Female,36.35.248.221
627,Joseph,Reyes,jreyeshe@craigslist.org,54-(114)583-4145,Male,245.27.11.24
628,Larry,Medina,lmedinahf@digg.com,33-(297)750-6517,Male,195.170.68.85
629,Teresa,Montgomery,tmontgomeryhg@elpais.com,86-(302)409-5132,Female,160.8.75.111
630,Shawn,Lewis,slewishh@infoseek.co.jp,7-(993)548-8593,Male,150.74.50.159
631,Gary,King,gkinghi@t.co,1-(785)315-5456,Male,102.129.12.218
632,Marie,Alvarez,malvarezhj@scientificamerican.com,63-(653)869-4206,Female,4.200.64.166
633,Nancy,Montgomery,nmontgomeryhk@jalbum.net,66-(501)330-1572,Female,44.135.63.66
634,Albert,Ramos,aramoshl@ebay.co.uk,55-(985)305-3866,Male,170.35.101.48
635,Karen,Bell,kbellhm@typepad.com,380-(702)370-7946,Female,244.103.172.162
636,Nicole,Ray,nrayhn@toplist.cz,7-(892)674-2898,Female,138.226.226.219
637,Shawn,Banks,sbanksho@arstechnica.com,86-(422)554-6581,Male,137.51.167.208
638,Janet,Collins,jcollinshp@icq.com,7-(594)659-8411,Female,66.11.196.227
639,Jean,Brown,jbrownhq@networksolutions.com,66-(891)200-5467,Female,159.45.4.97
640,Jennifer,Gilbert,jgilberthr@w3.org,1-(639)832-0538,Female,161.203.148.117
641,Charles,Stone,cstonehs@over-blog.com,46-(483)821-1791,Male,217.43.192.61
642,Roger,Olson,rolsonht@nih.gov,502-(436)721-8200,Male,3.224.231.201
643,Frank,Williamson,fwilliamsonhu@xing.com,86-(546)958-9076,Male,64.39.21.149
644,Ernest,Montgomery,emontgomeryhv@stumbleupon.com,386-(976)135-6871,Male,193.124.154.38
645,Martin,Sanchez,msanchezhw@oaic.gov.au,20-(232)814-5641,Male,177.248.252.1
646,Bonnie,Duncan,bduncanhx@cornell.edu,55-(638)920-5307,Female,196.202.108.46
647,Pamela,Hawkins,phawkinshy@instagram.com,55-(661)907-0412,Female,85.202.100.154
648,Gary,Bryant,gbryanthz@miitbeian.gov.cn,62-(961)586-3815,Male,244.121.142.19
649,Catherine,Ellis,cellisi0@miibeian.gov.cn,967-(604)562-8266,Female,165.152.156.137
650,Johnny,Price,jpricei1@amazon.de,598-(321)851-1176,Male,97.92.168.119
651,Brandon,Hanson,bhansoni2@example.com,81-(772)561-7949,Male,138.223.132.146
652,Ann,Campbell,acampbelli3@senate.gov,62-(209)975-6447,Female,91.136.118.111
653,Debra,Evans,devansi4@princeton.edu,254-(924)548-6485,Female,161.70.10.4
654,Lisa,Arnold,larnoldi5@earthlink.net,62-(891)704-3653,Female,90.66.208.9
655,Sandra,Morgan,smorgani6@dedecms.com,86-(319)411-6453,Female,109.191.198.8
656,Rachel,Boyd,rboydi7@cbslocal.com,55-(649)825-9212,Female,31.187.78.234
657,Joyce,Butler,jbutleri8@samsung.com,7-(801)792-2726,Female,121.27.55.121
658,James,Hanson,jhansoni9@nyu.edu,86-(497)763-7566,Male,212.218.56.206
659,Larry,Ryan,lryania@sakura.ne.jp,54-(434)462-2928,Male,7.51.242.81
660,Stephen,Ross,srossib@netscape.com,7-(403)252-6651,Male,78.244.213.208
661,Craig,George,cgeorgeic@ft.com,1-(812)444-7368,Male,16.172.32.229
662,Nicole,Gibson,ngibsonid@oracle.com,62-(878)695-6875,Female,206.159.3.70
663,Jason,Williams,jwilliamsie@state.tx.us,375-(686)954-5721,Male,238.154.33.117
664,Betty,Perry,bperryif@tmall.com,30-(554)801-9571,Female,23.33.91.74
665,Linda,Watson,lwatsonig@dropbox.com,358-(980)343-8569,Female,100.114.223.113
666,Robert,Reyes,rreyesih@chronoengine.com,1-(360)593-9684,Male,45.9.14.139
667,Charles,Harper,charperii@discuz.net,225-(162)781-7445,Male,128.51.199.182
668,Michelle,Dean,mdeanij@tripod.com,62-(512)761-7352,Female,197.178.54.187
669,Charles,Bennett,cbennettik@nifty.com,48-(358)596-1693,Male,181.237.216.202
670,Heather,Gray,hgrayil@studiopress.com,420-(801)174-7424,Female,132.137.77.56
671,Stephanie,Collins,scollinsim@elegantthemes.com,7-(988)668-2602,Female,67.220.157.242
672,Mary,Lawson,mlawsonin@salon.com,33-(779)751-4036,Female,146.24.80.34
673,Ryan,Reyes,rreyesio@skyrock.com,7-(186)823-1037,Male,190.10.195.245
674,Donald,Thompson,dthompsonip@fotki.com,351-(963)906-5543,Male,18.99.242.129
675,Kelly,Payne,kpayneiq@ibm.com,56-(811)201-3196,Female,89.140.153.233
676,Heather,Webb,hwebbir@163.com,86-(614)910-4138,Female,77.76.63.65
677,Susan,Gilbert,sgilbertis@theglobeandmail.com,63-(130)806-2537,Female,39.82.205.14
678,Anthony,Williams,awilliamsit@msn.com,33-(259)182-6279,Male,202.253.174.36
679,Kathleen,Watson,kwatsoniu@dedecms.com,86-(374)305-9149,Female,174.235.124.202
680,Ralph,Jacobs,rjacobsiv@scientificamerican.com,81-(820)115-9318,Male,53.17.128.25
681,Paul,Mills,pmillsiw@ovh.net,7-(471)342-1602,Male,161.182.83.172
682,Christopher,Davis,cdavisix@nih.gov,51-(885)185-3224,Male,52.190.246.31
683,Todd,Lee,tleeiy@moonfruit.com,33-(808)572-3953,Male,224.138.29.111
684,Carl,Armstrong,carmstrongiz@cnbc.com,86-(208)940-1006,Male,128.0.37.130
685,Heather,Wheeler,hwheelerj0@chron.com,48-(685)802-0680,Female,213.42.126.139
686,Nancy,Gilbert,ngilbertj1@time.com,504-(855)913-5323,Female,56.41.143.239
687,Sharon,Bowman,sbowmanj2@salon.com,63-(100)838-0491,Female,52.56.4.156
688,Carolyn,Gordon,cgordonj3@hhs.gov,62-(600)806-0709,Female,109.79.67.173
689,Norma,Perry,nperryj4@blinklist.com,86-(704)788-7081,Female,142.144.65.113
690,Lois,Reyes,lreyesj5@cpanel.net,62-(102)969-0774,Female,150.217.244.88
691,Nancy,Garrett,ngarrettj6@stanford.edu,33-(892)406-8779,Female,72.152.233.233
692,Dennis,Lewis,dlewisj7@dailymail.co.uk,967-(369)913-7171,Male,71.255.235.246
693,Jane,Carr,jcarrj8@instagram.com,62-(641)951-4012,Female,114.159.168.207
694,Cheryl,Wright,cwrightj9@creativecommons.org,7-(308)210-6815,Female,180.190.96.48
695,Jason,Martinez,jmartinezja@upenn.edu,86-(839)602-7153,Male,78.84.41.214
696,Stephen,Gray,sgrayjb@about.me,33-(875)959-3921,Male,210.186.90.4
697,Joe,Campbell,jcampbelljc@hhs.gov,420-(224)483-3203,Male,46.155.145.12
698,Carlos,Howard,chowardjd@toplist.cz,7-(702)135-8305,Male,80.52.50.151
699,Daniel,Graham,dgrahamje@google.pl,351-(968)542-0912,Male,56.45.89.75
700,Kimberly,Bennett,kbennettjf@newyorker.com,420-(292)180-1839,Female,207.81.132.98
701,Kathy,Lopez,klopezjg@edublogs.org,55-(219)542-5979,Female,241.42.109.156
702,Eugene,Torres,etorresjh@prweb.com,86-(751)730-4639,Male,92.51.51.3
703,Rose,Peterson,rpetersonji@springer.com,33-(404)586-7724,Female,53.214.73.195
704,Joseph,Foster,jfosterjj@cbslocal.com,353-(723)352-4993,Male,228.2.169.144
705,Ryan,Crawford,rcrawfordjk@drupal.org,1-(615)259-2862,Male,69.152.133.63
706,James,Ryan,jryanjl@imageshack.us,63-(561)450-5561,Male,82.218.57.246
707,Doris,Brown,dbrownjm@wikipedia.org,81-(184)535-0550,Female,83.147.130.66
708,Jacqueline,Morales,jmoralesjn@dagondesign.com,420-(356)591-4030,Female,180.39.122.121
709,Bobby,Harper,bharperjo@shinystat.com,62-(556)494-8741,Male,61.202.134.243
710,Amy,Nichols,anicholsjp@jugem.jp,30-(867)548-4016,Female,140.60.107.97
711,Marilyn,Rivera,mriverajq@thetimes.co.uk,48-(648)178-3138,Female,214.244.70.50
712,Carol,Little,clittlejr@unesco.org,61-(715)703-6216,Female,237.131.97.60
713,William,Lewis,wlewisjs@netvibes.com,63-(343)436-5748,Male,26.240.11.18
714,Susan,Lynch,slynchjt@taobao.com,352-(366)348-3610,Female,19.197.165.29
715,Willie,Bell,wbellju@xrea.com,86-(869)597-9585,Male,45.189.146.222
716,Sean,George,sgeorgejv@photobucket.com,57-(929)482-4603,Male,43.193.228.40
717,Harry,Gardner,hgardnerjw@goo.gl,63-(398)950-2818,Male,36.100.82.18
718,Timothy,Carpenter,tcarpenterjx@discuz.net,7-(202)565-8142,Male,86.206.43.36
719,Jonathan,Harvey,jharveyjy@engadget.com,57-(252)935-4086,Male,231.133.157.27
720,Donna,Hansen,dhansenjz@networkadvertising.org,357-(508)236-6603,Female,12.95.44.177
721,Alan,Gordon,agordonk0@google.it,351-(885)757-0714,Male,161.171.86.19
722,Angela,Diaz,adiazk1@mayoclinic.com,86-(516)782-5443,Female,76.1.164.249
723,William,Cooper,wcooperk2@wisc.edu,7-(485)725-4842,Male,159.28.70.89
724,Cheryl,Woods,cwoodsk3@google.ca,43-(350)945-3732,Female,18.58.148.6
725,Michelle,Hill,mhillk4@twitpic.com,86-(477)590-5225,Female,194.125.136.68
726,Jerry,Cox,jcoxk5@plala.or.jp,86-(135)555-4979,Male,4.36.44.166
727,Christopher,Collins,ccollinsk6@ucoz.com,48-(229)615-8023,Male,90.201.194.228
728,Henry,Grant,hgrantk7@yahoo.co.jp,962-(257)712-6120,Male,171.240.95.8
729,Antonio,Stevens,astevensk8@google.co.uk,62-(879)706-2588,Male,76.241.193.225
730,Joe,Tucker,jtuckerk9@woothemes.com,86-(591)969-6695,Male,251.195.43.189
731,Terry,Gutierrez,tgutierrezka@example.com,86-(766)979-6448,Male,137.61.85.171
732,Stephanie,Ray,sraykb@unc.edu,380-(744)860-5459,Female,243.48.8.39
733,Henry,Sullivan,hsullivankc@digg.com,595-(429)554-2779,Male,150.156.70.15
734,Christopher,Moore,cmoorekd@cdc.gov,234-(342)207-0422,Male,156.235.57.3
735,Donald,Gordon,dgordonke@51.la,86-(129)143-5237,Male,12.218.80.194
736,Andrea,Alvarez,aalvarezkf@twitter.com,86-(130)780-9539,Female,121.233.117.173
737,Joshua,Andrews,jandrewskg@php.net,389-(296)243-9260,Male,101.98.4.192
738,Clarence,Gomez,cgomezkh@mtv.com,93-(821)742-2226,Male,154.131.149.148
739,Tammy,Bowman,tbowmanki@biblegateway.com,62-(323)218-9431,Female,169.233.212.117
740,Dennis,Brooks,dbrookskj@myspace.com,81-(749)176-4761,Male,35.154.36.223
741,Victor,Moreno,vmorenokk@geocities.com,7-(681)977-4611,Male,154.18.132.164
742,Jessica,Day,jdaykl@biglobe.ne.jp,353-(486)401-7385,Female,75.182.95.242
743,Diane,Dixon,ddixonkm@paginegialle.it,86-(762)832-4024,Female,206.91.164.38
744,Diane,Johnston,djohnstonkn@miibeian.gov.cn,591-(318)605-5462,Female,18.242.126.104
745,Martha,Hicks,mhicksko@twitter.com,420-(982)567-7749,Female,104.229.72.183
746,Carolyn,Sanders,csanderskp@a8.net,46-(379)212-0242,Female,200.242.59.226
747,Karen,Marshall,kmarshallkq@bing.com,63-(775)247-5556,Female,240.14.172.97
748,Sandra,Marshall,smarshallkr@studiopress.com,66-(502)750-6434,Female,62.201.158.203
749,Jessica,Hawkins,jhawkinsks@webeden.co.uk,977-(644)553-5540,Female,92.192.182.84
750,Alan,Wells,awellskt@liveinternet.ru,7-(768)443-1977,Male,221.218.154.77
751,Gloria,Hayes,ghayesku@latimes.com,46-(592)631-7283,Female,103.21.128.7
752,Heather,Murray,hmurraykv@home.pl,46-(619)798-1613,Female,101.204.211.17
753,Timothy,Woods,twoodskw@mediafire.com,53-(758)236-2530,Male,85.92.249.174
754,Kevin,Harrison,kharrisonkx@hubpages.com,62-(916)488-2830,Male,214.35.229.184
755,Louise,Black,lblackky@meetup.com,86-(287)978-5888,Female,163.213.248.43
756,Jerry,Ryan,jryankz@comcast.net,55-(188)368-6359,Male,8.221.151.60
757,Roger,Anderson,randersonl0@sun.com,52-(191)528-5978,Male,215.223.180.232
758,Sharon,Kennedy,skennedyl1@hc360.com,86-(426)622-7505,Female,58.162.53.186
759,Todd,Ramos,tramosl2@flavors.me,20-(704)695-7489,Male,248.149.19.128
760,William,Cunningham,wcunninghaml3@dagondesign.com,86-(596)619-3416,Male,47.47.38.141
761,Anna,Richards,arichardsl4@biglobe.ne.jp,60-(458)530-7785,Female,127.152.138.222
762,Raymond,Taylor,rtaylorl5@globo.com,237-(669)807-8830,Male,141.125.42.90
763,Charles,Gilbert,cgilbertl6@multiply.com,351-(258)476-5385,Male,5.188.118.176
764,Sharon,Ross,srossl7@businessweek.com,46-(551)879-7087,Female,25.90.14.67
765,Roy,Gomez,rgomezl8@prlog.org,44-(172)661-0110,Male,247.190.49.91
766,Judy,Dunn,jdunnl9@blogger.com,380-(571)210-3451,Female,220.45.97.34
767,Donna,Richardson,drichardsonla@sourceforge.net,57-(332)193-1091,Female,195.213.151.127
768,Rebecca,Smith,rsmithlb@amazon.co.uk,7-(533)693-3555,Female,154.100.16.250
769,Diane,Hall,dhalllc@washingtonpost.com,46-(834)770-6001,Female,141.206.107.36
770,Amy,Foster,afosterld@chronoengine.com,86-(713)196-8787,Female,253.130.233.79
771,Howard,Watson,hwatsonle@qq.com,55-(364)913-9351,Male,220.40.25.124
772,Keith,Fuller,kfullerlf@biblegateway.com,54-(222)613-9726,Male,127.144.254.197
773,Ronald,Webb,rwebblg@example.com,86-(712)609-6337,Male,194.22.48.152
774,Ralph,Russell,rrusselllh@nymag.com,351-(453)898-1992,Male,126.90.140.145
775,Doris,Diaz,ddiazli@nymag.com,48-(283)607-9736,Female,135.70.64.58
776,Kathy,Dean,kdeanlj@pen.io,86-(119)646-7708,Female,223.206.221.174
777,Dennis,Ray,draylk@taobao.com,55-(410)235-1567,Male,19.110.204.249
778,Heather,Gonzales,hgonzalesll@nyu.edu,84-(705)592-1032,Female,128.27.4.35
779,Alan,Thompson,athompsonlm@soundcloud.com,221-(342)838-2205,Male,14.214.6.170
780,Jimmy,Hawkins,jhawkinsln@bandcamp.com,86-(381)242-3870,Male,238.226.22.158
781,Johnny,Stevens,jstevenslo@ucla.edu,62-(352)141-8793,Male,76.27.28.186
782,Mark,Thomas,mthomaslp@artisteer.com,420-(613)177-7318,Male,235.180.244.187
783,Carl,Arnold,carnoldlq@sun.com,1-(641)481-9555,Male,40.224.72.74
784,Laura,Hunter,lhunterlr@xinhuanet.com,62-(824)842-1966,Female,203.223.91.111
785,Frank,Morales,fmoralesls@purevolume.com,242-(235)402-3811,Male,181.162.114.136
786,Anna,Stephens,astephenslt@prnewswire.com,46-(913)303-3195,Female,234.204.187.195
787,Angela,Adams,aadamslu@google.ru,351-(471)148-2564,Female,33.215.72.31
788,David,Perez,dperezlv@parallels.com,95-(661)312-5392,Male,117.145.147.223
789,Jonathan,Gonzales,jgonzaleslw@studiopress.com,55-(949)588-9909,Male,17.204.202.242
790,George,Nichols,gnicholslx@elegantthemes.com,53-(376)420-9332,Male,91.79.6.153
791,Catherine,Wilson,cwilsonly@yelp.com,60-(367)229-3300,Female,129.121.159.192
792,Mark,Cooper,mcooperlz@usnews.com,98-(416)136-5725,Male,98.142.197.66
793,Carl,Ryan,cryanm0@desdev.cn,995-(343)554-6683,Male,106.237.153.246
794,Victor,Mendoza,vmendozam1@seattletimes.com,7-(375)993-0538,Male,190.57.98.167
795,Barbara,Marshall,bmarshallm2@weibo.com,353-(285)316-0079,Female,226.44.214.177
796,Philip,Andrews,pandrewsm3@artisteer.com,63-(984)466-0474,Male,84.170.206.38
797,Margaret,Campbell,mcampbellm4@topsy.com,370-(161)670-5588,Female,163.2.194.56
798,Stephanie,Garza,sgarzam5@toplist.cz,55-(442)800-1537,Female,208.74.61.211
799,Steven,Gonzales,sgonzalesm6@unesco.org,92-(630)428-6213,Male,185.176.138.162
800,Jimmy,Watkins,jwatkinsm7@booking.com,62-(785)708-9120,Male,92.31.34.208
801,Lisa,Bradley,lbradleym8@domainmarket.com,63-(768)652-8597,Female,160.30.229.147
802,Nancy,Dixon,ndixonm9@naver.com,63-(767)711-2163,Female,156.153.188.67
803,Cheryl,Gomez,cgomezma@omniture.com,63-(498)669-5492,Female,4.251.136.183
804,Frank,Hall,fhallmb@sohu.com,48-(261)760-6248,Male,115.136.83.196
805,Jessica,Duncan,jduncanmc@yale.edu,994-(619)339-1932,Female,15.142.236.236
806,Bobby,Ramos,bramosmd@tiny.cc,48-(899)282-4508,Male,96.245.46.231
807,Irene,Pierce,ipierceme@opera.com,66-(647)977-1768,Female,121.149.58.9
808,Jesse,Riley,jrileymf@gravatar.com,86-(587)645-4738,Male,224.41.141.27
809,Angela,Lewis,alewismg@admin.ch,62-(115)300-9274,Female,122.71.12.152
810,Louis,Mcdonald,lmcdonaldmh@meetup.com,1-(788)993-7431,Male,63.247.172.128
811,Thomas,Hall,thallmi@wp.com,351-(113)261-1699,Male,52.124.252.104
812,Adam,Jenkins,ajenkinsmj@yelp.com,48-(764)547-1036,Male,13.61.34.233
813,Evelyn,Schmidt,eschmidtmk@addthis.com,351-(166)310-9980,Female,0.170.151.170
814,Sandra,Hunt,shuntml@census.gov,234-(445)916-5480,Female,102.244.102.144
815,Stephen,Romero,sromeromm@nymag.com,381-(870)477-0403,Male,244.195.63.224
816,Margaret,Castillo,mcastillomn@4shared.com,62-(710)305-7758,Female,201.60.56.4
817,Irene,Perez,iperezmo@bloglovin.com,267-(771)311-4232,Female,67.97.107.161
818,Randy,Reyes,rreyesmp@ustream.tv,55-(774)365-0932,Male,3.162.70.58
819,Gary,Boyd,gboydmq@wp.com,48-(766)549-3626,Male,31.138.52.8
820,Jose,Bradley,jbradleymr@booking.com,81-(831)178-8954,Male,13.153.3.48
821,Larry,Stone,lstonems@mayoclinic.com,358-(329)514-7108,Male,65.180.151.69
822,Martha,Harvey,mharveymt@cdbaby.com,62-(802)823-5323,Female,195.36.180.255
823,Carlos,Lee,cleemu@wordpress.com,63-(595)478-6762,Male,78.189.124.102
824,Brenda,Grant,bgrantmv@oracle.com,7-(164)592-8102,Female,95.116.164.86
825,James,Rose,jrosemw@scribd.com,46-(753)545-8451,Male,136.2.228.73
826,Larry,Martinez,lmartinezmx@networksolutions.com,51-(494)246-0354,Male,198.249.236.8
827,Joseph,Mills,jmillsmy@imdb.com,86-(179)939-2539,Male,44.211.45.23
828,Susan,Carter,scartermz@pen.io,598-(833)474-8928,Female,170.81.209.10
829,Terry,Baker,tbakern0@ucoz.ru,62-(176)248-3431,Male,37.26.253.13
830,Margaret,Perkins,mperkinsn1@com.com,60-(994)830-5469,Female,141.108.120.7
831,Judith,Perry,jperryn2@kickstarter.com,383-(360)640-3357,Female,20.57.233.234
832,Douglas,Black,dblackn3@wikia.com,86-(774)898-6517,Male,41.83.75.36
833,Terry,Flores,tfloresn4@europa.eu,358-(431)641-1054,Male,134.242.233.124
834,Rachel,Jordan,rjordann5@shop-pro.jp,48-(579)255-2188,Female,218.160.96.103
835,Scott,Larson,slarsonn6@360.cn,63-(213)949-8967,Male,36.96.95.202
836,Alan,Kelly,akellyn7@ftc.gov,351-(847)202-4882,Male,49.6.224.137
837,Gary,Rivera,griveran8@naver.com,86-(988)674-4793,Male,27.48.233.63
838,Kathleen,Banks,kbanksn9@symantec.com,86-(580)430-9299,Female,165.253.13.21
839,Brenda,Dean,bdeanna@elpais.com,7-(137)376-2135,Female,194.188.240.8
840,Albert,Peters,apetersnb@bbc.co.uk,86-(760)745-9302,Male,81.48.121.40
841,Diane,Gonzalez,dgonzaleznc@google.es,27-(612)789-1993,Female,142.73.235.75
842,Alan,Warren,awarrennd@tmall.com,212-(883)807-8768,Male,135.212.165.184
843,Antonio,Rivera,ariverane@rediff.com,51-(367)854-6023,Male,219.209.68.71
844,Howard,Castillo,hcastillonf@oaic.gov.au,253-(116)597-8425,Male,2.74.238.206
845,Fred,George,fgeorgeng@oracle.com,58-(315)760-5212,Male,137.140.155.132
846,Ronald,Harvey,rharveynh@indiatimes.com,48-(645)725-9448,Male,43.143.115.169
847,Ernest,Montgomery,emontgomeryni@google.es,86-(773)604-3712,Male,45.161.232.111
848,Tammy,Rodriguez,trodrigueznj@dailymail.co.uk,81-(953)370-3357,Female,164.5.197.254
849,Laura,Hunt,lhuntnk@blogs.com,63-(743)110-1918,Female,20.227.238.73
850,Jeremy,Lane,jlanenl@elpais.com,255-(449)296-1403,Male,67.22.198.68
851,Denise,Kelly,dkellynm@walmart.com,1-(794)764-7015,Female,0.38.213.128
852,Sara,Martin,smartinnn@slate.com,505-(172)175-4575,Female,154.119.228.175
853,Harold,Cole,hcoleno@icq.com,30-(601)490-4313,Male,209.139.210.163
854,Melissa,Turner,mturnernp@nba.com,81-(668)143-0664,Female,61.11.44.174
855,Janet,Freeman,jfreemannq@wsj.com,63-(751)146-1906,Female,111.159.194.74
856,Patricia,Reed,preednr@posterous.com,86-(243)717-3033,Female,109.126.221.243
857,Rose,Kelly,rkellyns@wired.com,1-(491)246-1063,Female,46.177.158.20
858,Jessica,Wood,jwoodnt@go.com,7-(859)491-6618,Female,217.200.89.168
859,Jimmy,James,jjamesnu@vinaora.com,86-(523)994-0520,Male,70.222.75.220
860,Marilyn,Franklin,mfranklinnv@auda.org.au,82-(236)309-7294,Female,205.242.74.71
861,Christopher,Harrison,charrisonnw@freewebs.com,385-(693)998-6552,Male,195.104.197.94
862,Doris,Brooks,dbrooksnx@nyu.edu,1-(330)814-4611,Female,21.193.225.202
863,Maria,Duncan,mduncanny@nasa.gov,351-(617)277-5613,Female,45.47.100.10
864,Tina,Flores,tfloresnz@webs.com,62-(791)830-2501,Female,28.215.237.202
865,Amanda,Ramos,aramoso0@buzzfeed.com,86-(214)805-3799,Female,146.113.236.253
866,John,James,jjameso1@dyndns.org,63-(617)287-9182,Male,67.174.111.90
867,Jane,Burton,jburtono2@1und1.de,46-(123)312-5609,Female,155.38.171.180
868,Evelyn,Fernandez,efernandezo3@gov.uk,351-(158)632-6644,Female,53.222.57.239
869,Terry,Mason,tmasono4@friendfeed.com,7-(545)203-2328,Male,231.19.223.122
870,Peter,Berry,pberryo5@addtoany.com,7-(720)562-0419,Male,21.81.240.41
871,Amy,Rice,ariceo6@google.ca,1-(719)647-7496,Female,116.46.225.75
872,Tina,Parker,tparkero7@google.es,1-(775)820-6031,Female,58.93.93.63
873,Victor,Hernandez,vhernandezo8@infoseek.co.jp,86-(301)777-5021,Male,209.135.30.157
874,Philip,Kim,pkimo9@guardian.co.uk,34-(117)275-8502,Male,214.246.133.8
875,Jack,Lee,jleeoa@pbs.org,373-(644)938-7656,Male,97.174.143.16
876,Kenneth,Mills,kmillsob@businessweek.com,48-(672)401-7879,Male,15.79.115.13
877,Victor,Lopez,vlopezoc@ow.ly,86-(487)146-9605,Male,55.187.191.189
878,Jason,Cruz,jcruzod@hubpages.com,212-(596)379-5328,Male,194.212.14.60
879,Kathryn,Thompson,kthompsonoe@i2i.jp,62-(726)855-9138,Female,195.106.26.123
880,Carolyn,Franklin,cfranklinof@linkedin.com,86-(578)976-5445,Female,11.230.81.211
881,Louise,Graham,lgrahamog@tamu.edu,86-(337)814-7922,Female,192.148.99.240
882,Jacqueline,White,jwhiteoh@goodreads.com,86-(378)551-1434,Female,177.26.158.211
883,Janet,Peters,jpetersoi@icio.us,62-(895)757-1938,Female,157.1.129.112
884,Jonathan,Franklin,jfranklinoj@yahoo.com,389-(726)621-3606,Male,46.70.208.57
885,Dennis,Gordon,dgordonok@godaddy.com,86-(508)672-4533,Male,105.44.144.27
886,Arthur,Lewis,alewisol@twitpic.com,62-(500)338-4652,Male,122.31.32.121
887,Ashley,Ford,afordom@etsy.com,7-(307)724-4121,Female,197.31.113.88
888,Benjamin,Butler,bbutleron@yelp.com,30-(422)361-0991,Male,180.247.191.231
889,Alice,Ramirez,aramirezoo@w3.org,1-(617)369-4950,Female,109.62.13.173
890,Wanda,King,wkingop@liveinternet.ru,62-(491)768-2809,Female,54.253.140.67
891,Irene,Elliott,ielliottoq@vistaprint.com,86-(554)248-3177,Female,5.76.124.60
892,Adam,Wells,awellsor@linkedin.com,351-(729)496-2242,Male,48.65.130.201
893,Frank,Stewart,fstewartos@bizjournals.com,30-(409)804-2415,Male,133.32.233.237
894,Wayne,Henderson,whendersonot@comcast.net,374-(126)216-2664,Male,232.129.42.19
895,Janet,Wagner,jwagnerou@dailymotion.com,27-(678)557-0347,Female,193.220.30.103
896,Joyce,Mcdonald,jmcdonaldov@youtube.com,62-(151)886-1651,Female,58.218.217.211
897,Johnny,Jenkins,jjenkinsow@cmu.edu,381-(471)540-4826,Male,83.57.116.81
898,Jerry,Burns,jburnsox@hibu.com,86-(566)954-0895,Male,75.180.6.75
899,Donna,Cook,dcookoy@wikipedia.org,62-(767)161-5601,Female,106.234.87.130
900,Fred,Brooks,fbrooksoz@oakley.com,86-(450)621-7716,Male,6.212.224.19
901,Anthony,Morris,amorrisp0@linkedin.com,51-(374)981-5683,Male,53.9.202.20
902,Anne,Scott,ascottp1@i2i.jp,92-(796)374-5959,Female,150.7.168.96
903,Maria,Bell,mbellp2@paypal.com,48-(118)469-3479,Female,119.110.123.3
904,Rebecca,Harris,rharrisp3@admin.ch,62-(846)859-0079,Female,220.155.243.56
905,Nancy,Cooper,ncooperp4@imgur.com,351-(315)374-3479,Female,113.49.51.212
906,Thomas,Fisher,tfisherp5@tamu.edu,81-(101)985-7803,Male,208.131.97.250
907,Juan,Barnes,jbarnesp6@quantcast.com,86-(922)568-3358,Male,97.227.148.114
908,Patricia,Perkins,pperkinsp7@answers.com,53-(302)257-8047,Female,105.166.58.230
909,David,Stanley,dstanleyp8@addtoany.com,94-(126)586-4426,Male,196.251.197.61
910,Peter,Fuller,pfullerp9@aboutads.info,62-(181)407-9780,Male,160.96.110.94
911,Arthur,Ramos,aramospa@histats.com,57-(776)770-5650,Male,103.109.20.217
912,Sara,Flores,sflorespb@sakura.ne.jp,48-(638)402-9340,Female,202.75.78.121
913,Craig,Gilbert,cgilbertpc@admin.ch,33-(826)601-6300,Male,62.246.139.141
914,Joan,Bishop,jbishoppd@house.gov,420-(317)372-9734,Female,210.103.230.112
915,Jerry,Snyder,jsnyderpe@acquirethisname.com,86-(935)457-3833,Male,237.138.47.88
916,Ralph,Welch,rwelchpf@networkadvertising.org,30-(716)539-8066,Male,66.129.248.125
917,Benjamin,Butler,bbutlerpg@vistaprint.com,7-(935)726-9293,Male,11.161.48.225
918,Roy,Hamilton,rhamiltonph@bizjournals.com,84-(173)267-2778,Male,234.119.234.161
919,Jonathan,Nelson,jnelsonpi@senate.gov,31-(541)964-6358,Male,223.210.202.188
920,Phyllis,Mccoy,pmccoypj@unicef.org,850-(686)295-4487,Female,204.136.208.54
921,Lisa,Brown,lbrownpk@meetup.com,389-(878)100-0638,Female,18.146.41.233
922,Todd,Sims,tsimspl@msu.edu,86-(796)734-3640,Male,26.16.21.0
923,Roy,Green,rgreenpm@newsvine.com,46-(587)449-2623,Male,194.150.49.159
924,Nicholas,Dean,ndeanpn@wikispaces.com,86-(332)935-3262,Male,205.94.208.112
925,Bonnie,Roberts,brobertspo@google.ru,1-(732)266-1702,Female,0.126.197.242
926,Elizabeth,Williams,ewilliamspp@usnews.com,375-(601)646-9384,Female,19.177.236.72
927,Nancy,Simmons,nsimmonspq@europa.eu,62-(285)318-3461,Female,255.90.226.236
928,Lisa,Cunningham,lcunninghampr@opera.com,970-(671)275-6893,Female,101.69.163.50
929,Douglas,Watkins,dwatkinsps@opensource.org,46-(265)198-8496,Male,170.98.64.97
930,Douglas,Dunn,ddunnpt@dropbox.com,62-(293)551-7501,Male,140.209.13.170
931,Harry,Henry,hhenrypu@wikimedia.org,86-(156)293-0643,Male,113.212.190.92
932,Scott,Warren,swarrenpv@so-net.ne.jp,63-(327)231-4321,Male,174.115.2.42
933,Theresa,Day,tdaypw@eventbrite.com,33-(222)587-0493,Female,97.113.96.104
934,Melissa,Rogers,mrogerspx@1688.com,359-(808)193-4628,Female,111.197.106.201
935,Diane,Watson,dwatsonpy@geocities.jp,57-(842)253-3784,Female,140.2.44.96
936,Anna,Howell,ahowellpz@shinystat.com,86-(851)535-2162,Female,233.154.105.82
937,Anna,Little,alittleq0@weibo.com,381-(696)307-8507,Female,178.182.249.127
938,Wayne,George,wgeorgeq1@pbs.org,351-(586)322-4647,Male,41.185.78.125
939,Keith,Hall,khallq2@comsenz.com,86-(117)421-6020,Male,172.37.236.50
940,Sharon,Kelly,skellyq3@feedburner.com,62-(235)419-3826,Female,45.187.201.242
941,Donna,Willis,dwillisq4@e-recht24.de,257-(268)455-0289,Female,25.255.61.98
942,Lillian,Warren,lwarrenq5@fda.gov,966-(726)810-7719,Female,43.200.36.40
943,Jean,Graham,jgrahamq6@dell.com,57-(275)983-6739,Female,68.199.193.22
944,Aaron,Perez,aperezq7@pagesperso-orange.fr,86-(805)227-1816,Male,56.44.125.186
945,Scott,Diaz,sdiazq8@dot.gov,1-(918)508-3040,Male,209.224.111.204
946,Donna,Burke,dburkeq9@ed.gov,1-(208)891-8384,Female,162.110.243.209
947,Maria,Fernandez,mfernandezqa@nps.gov,263-(138)374-8483,Female,245.105.6.240
948,Andrea,Chavez,achavezqb@imageshack.us,261-(690)340-4877,Female,105.193.146.109
949,Alice,Cooper,acooperqc@opera.com,62-(126)846-2992,Female,137.114.211.96
950,Daniel,Gomez,dgomezqd@phpbb.com,380-(867)119-9861,Male,122.212.68.24
951,Phyllis,Ramirez,pramirezqe@cdc.gov,63-(261)610-6427,Female,139.122.166.88
952,Billy,Hunter,bhunterqf@earthlink.net,86-(180)489-9899,Male,235.209.119.211
953,Ernest,Thomas,ethomasqg@indiatimes.com,54-(908)682-6021,Male,44.236.165.138
954,Heather,Knight,hknightqh@theguardian.com,62-(483)982-8330,Female,92.242.150.202
955,Rose,Hayes,rhayesqi@weibo.com,54-(492)497-7531,Female,112.102.157.1
956,Jason,Grant,jgrantqj@indiatimes.com,48-(145)968-4097,Male,242.173.110.39
957,Julie,Castillo,jcastilloqk@myspace.com,55-(671)786-9121,Female,241.176.72.120
958,Aaron,Rodriguez,arodriguezql@illinois.edu,374-(683)330-4894,Male,237.80.181.193
959,Chris,Nelson,cnelsonqm@state.gov,55-(996)820-8915,Male,4.98.242.207
960,Sandra,Cunningham,scunninghamqn@paypal.com,62-(602)680-7853,Female,47.94.6.152
961,Jessica,West,jwestqo@photobucket.com,55-(605)379-5237,Female,164.107.107.137
962,Scott,Marshall,smarshallqp@google.de,86-(452)123-8405,Male,185.8.252.91
963,Virginia,Murphy,vmurphyqq@shop-pro.jp,62-(589)792-3850,Female,206.163.146.235
964,Jesse,Snyder,jsnyderqr@godaddy.com,86-(886)316-8112,Male,103.176.184.90
965,Sean,Marshall,smarshallqs@bravesites.com,53-(757)795-6776,Male,0.78.97.60
966,Johnny,Daniels,jdanielsqt@army.mil,84-(575)698-4098,Male,29.104.221.67
967,Victor,Wells,vwellsqu@columbia.edu,62-(268)763-4438,Male,164.77.112.93
968,Doris,Stanley,dstanleyqv@jigsy.com,420-(705)527-6747,Female,95.218.131.82
969,Brandon,Spencer,bspencerqw@chronoengine.com,81-(972)827-0822,Male,86.185.102.217
970,Debra,Morrison,dmorrisonqx@opensource.org,53-(221)124-5735,Female,124.14.127.65
971,Shawn,Cox,scoxqy@phpbb.com,256-(439)894-6406,Male,239.71.34.113
972,Joyce,Carr,jcarrqz@gizmodo.com,62-(294)255-1012,Female,49.109.67.249
973,Dorothy,Cooper,dcooperr0@ibm.com,48-(596)862-7850,Female,38.165.40.72
974,Brian,Hicks,bhicksr1@webeden.co.uk,62-(355)224-8571,Male,137.227.80.59
975,Bonnie,Grant,bgrantr2@vimeo.com,507-(230)944-4034,Female,146.95.37.28
976,Anne,Palmer,apalmerr3@huffingtonpost.com,48-(856)288-1121,Female,229.118.152.184
977,Rose,White,rwhiter4@sakura.ne.jp,351-(498)717-8025,Female,110.197.134.147
978,John,Sims,jsimsr5@behance.net,86-(127)381-0717,Male,175.214.225.245
979,Jonathan,Torres,jtorresr6@boston.com,353-(379)579-2879,Male,48.178.1.67
980,Ralph,Berry,rberryr7@hc360.com,1-(501)467-5043,Male,138.59.54.121
981,Martin,Andrews,mandrewsr8@geocities.com,255-(145)954-8349,Male,173.107.224.99
982,Scott,Fowler,sfowlerr9@parallels.com,1-(602)427-7978,Male,81.141.139.58
983,Carlos,Roberts,crobertsra@sohu.com,380-(479)617-5156,Male,203.225.162.45
984,Alan,Parker,aparkerrb@soup.io,504-(131)603-7268,Male,53.112.120.109
985,Justin,Hamilton,jhamiltonrc@unc.edu,63-(754)774-2955,Male,65.193.88.99
986,Bobby,Matthews,bmatthewsrd@ftc.gov,86-(408)226-9910,Male,66.180.128.104
987,Judith,Butler,jbutlerre@webmd.com,255-(368)319-2184,Female,136.109.75.10
988,Sara,Collins,scollinsrf@craigslist.org,7-(140)811-7210,Female,69.146.119.49
989,Jessica,Ray,jrayrg@miitbeian.gov.cn,86-(589)617-3675,Female,214.239.140.81
990,Heather,Harper,hharperrh@addthis.com,420-(579)616-4815,Female,91.117.170.181
991,Judy,Nguyen,jnguyenri@livejournal.com,502-(428)826-9147,Female,223.39.52.185
992,Nancy,Gordon,ngordonrj@cbslocal.com,48-(954)773-9359,Female,24.90.220.178
993,Tina,Green,tgreenrk@newyorker.com,63-(112)273-2799,Female,113.53.55.117
994,Justin,Harper,jharperrl@wordpress.com,56-(378)587-6481,Male,135.44.41.82
995,Melissa,Parker,mparkerrm@mail.ru,60-(395)258-4920,Female,50.216.138.125
996,Marilyn,Ramirez,mramirezrn@blogspot.com,44-(720)786-3141,Female,65.222.101.112
997,Christina,Phillips,cphillipsro@bandcamp.com,255-(511)526-6441,Female,112.44.244.11
998,Alan,Larson,alarsonrp@1688.com,420-(523)519-7416,Male,233.188.201.63
999,Kathy,Butler,kbutlerrq@indiatimes.com,385-(948)126-4335,Female,38.35.134.112
1000,Amy,Ruiz,aruizrr@alexa.com,52-(814)139-6202,Female,108.175.51.228
