gender,phone,first_name,last_name,ip_address,id,email
Female,374-(531)129-7111,Janice,Burke,2.62.76.54,1,jburke0@ifeng.com
Male,63-(732)608-6659,Russell,Mccoy,206.243.238.172,2,rmccoy1@merriam-webster.com
Male,7-(476)705-1126,Kevin,Matthews,244.80.30.125,3,kmatthews2@reddit.com
Male,351-(837)744-3128,Harold,Fernandez,38.140.250.137,4,hfernandez3@symantec.com
Female,372-(998)226-0561,Anne,Bowman,193.17.122.7,5,abowman4@ycombinator.com
Female,963-(578)228-5676,Susan,Barnes,203.222.8.49,6,sbarnes5@shutterfly.com
Male,1-(337)946-3011,Earl,Phillips,146.118.186.145,7,ephillips6@loc.gov
Male,48-(668)199-4044,Harold,Ford,139.106.108.40,8,hford7@mail.ru
Male,1-(571)526-2095,Jeffrey,Reed,74.142.171.71,9,jreed8@youtu.be
Male,86-(827)739-4214,Samuel,Marshall,226.6.43.16,10,smarshall9@baidu.com
Female,62-(284)808-7511,Joyce,Hudson,93.20.42.138,11,jhudsona@altervista.org
Female,82-(983)334-6999,Joan,Harris,171.84.203.33,12,jharrisb@unesco.org
Male,251-(707)591-8542,Christopher,Flores,24.80.25.13,13,cfloresc@seattletimes.com
Male,380-(282)693-9759,Jeffrey,Matthews,185.117.78.195,14,jmatthewsd@yahoo.co.jp
Female,63-(132)626-7812,Mildred,Evans,224.176.131.6,15,mevanse@nature.com
Male,36-(650)948-3355,Harold,Watson,252.145.242.107,16,hwatsonf@reference.com
Female,269-(570)788-5582,Judy,Simpson,155.93.248.197,17,jsimpsong@upenn.edu
Female,62-(644)305-7013,Annie,Robinson,15.218.176.23,18,arobinsonh@phoca.cz
Female,86-(725)639-8752,Wanda,Cruz,243.1.54.55,19,wcruzi@indiegogo.com
Male,46-(220)620-2834,Wayne,Taylor,153.100.57.124,20,wtaylorj@pbs.org
Male,93-(628)702-1188,Raymond,Ortiz,208.124.79.204,21,rortizk@bluehost.com
Female,63-(959)980-2824,Katherine,Holmes,100.143.185.194,22,kholmesl@etsy.com
Female,84-(629)331-7590,Donna,Carr,43.17.110.151,23,dcarrm@nps.gov
Male,975-(102)752-7205,Thomas,Gordon,93.197.113.16,24,tgordonn@smugmug.com
Female,86-(187)813-8629,Donna,Morgan,189.157.27.118,25,dmorgano@imageshack.us
Female,7-(439)958-4236,Ruth,Schmidt,10.101.223.105,26,rschmidtp@squidoo.com
Female,48-(673)770-1157,Susan,George,228.191.12.143,27,sgeorgeq@taobao.com
Male,86-(181)830-3710,Steve,Daniels,197.239.141.235,28,sdanielsr@accuweather.com
Female,234-(859)131-1094,Rose,Simpson,218.118.211.55,29,rsimpsons@nydailynews.com
Male,420-(772)745-5391,Juan,Cox,242.193.136.135,30,jcoxt@deliciousdays.com
Male,86-(402)239-0107,Clarence,Sullivan,245.132.199.6,31,csullivanu@addthis.com
Male,93-(856)909-5454,Jonathan,Diaz,100.46.59.56,32,jdiazv@mozilla.org
Male,55-(828)717-0876,Randy,Scott,193.165.8.166,33,rscottw@uol.com.br
Male,7-(375)890-8566,Victor,Ramos,109.234.214.168,34,vramosx@ow.ly
Male,63-(836)207-9441,Alan,Harrison,16.66.162.114,35,aharrisony@ocn.ne.jp
Female,62-(645)184-8447,Kathryn,Ramos,123.105.246.183,36,kramosz@jalbum.net
Male,232-(581)784-0501,Ronald,Payne,121.37.156.135,37,rpayne10@ucoz.com
Female,46-(109)188-2174,Annie,Lee,182.191.117.255,38,alee11@independent.co.uk
Female,86-(781)398-5846,Ruth,Howell,69.19.193.116,39,rhowell12@latimes.com
Male,420-(316)347-5170,Daniel,Jenkins,142.202.166.108,40,djenkins13@rambler.ru
Female,62-(746)933-6184,Virginia,Smith,38.98.140.158,41,vsmith14@weebly.com
Female,62-(863)571-9251,Jennifer,King,206.123.148.40,42,jking15@nifty.com
Male,48-(223)845-4236,Andrew,Carpenter,154.197.126.24,43,acarpenter16@reuters.com
Male,7-(208)822-4538,Adam,Dean,86.75.224.35,44,adean17@wiley.com
Male,963-(590)599-5521,Gerald,Wheeler,229.217.192.67,45,gwheeler18@accuweather.com
Male,7-(778)279-7043,Albert,Cole,83.213.24.71,46,acole19@apache.org
Female,386-(520)490-1979,Frances,Cruz,85.128.199.4,47,fcruz1a@php.net
Male,86-(617)615-5893,Matthew,Sanchez,97.181.85.146,48,msanchez1b@clickbank.net
Female,234-(368)664-2203,Catherine,Kennedy,149.166.41.131,49,ckennedy1c@taobao.com
Male,33-(402)877-7596,Billy,Jackson,115.83.217.184,50,bjackson1d@uiuc.edu
Female,92-(740)212-7489,Sharon,Carpenter,135.99.55.129,51,scarpenter1e@friendfeed.com
Male,385-(205)716-9972,Roy,Howard,102.140.33.225,52,rhoward1f@google.com.br
Male,57-(759)931-4205,Juan,Chavez,230.131.203.8,53,jchavez1g@blog.com
Male,86-(260)925-4493,Jimmy,Ray,9.185.13.111,54,jray1h@vinaora.com
Female,48-(879)599-8630,Stephanie,Bishop,171.252.20.205,55,sbishop1i@seesaa.net
Female,7-(216)287-5011,Denise,Carpenter,86.52.29.76,56,dcarpenter1j@upenn.edu
Male,52-(525)684-2678,Frank,Carpenter,143.139.69.148,57,fcarpenter1k@weibo.com
Female,92-(987)175-7041,Jennifer,Lewis,111.30.135.125,58,jlewis1l@artisteer.com
Female,86-(377)924-1261,Deborah,Banks,225.54.57.136,59,dbanks1m@indiegogo.com
Male,86-(553)309-4012,Gerald,Ferguson,47.74.21.136,60,gferguson1n@eventbrite.com
Female,502-(588)960-0356,Barbara,Payne,225.162.210.73,61,bpayne1o@tinyurl.com
Female,46-(724)154-5440,Judy,Hill,66.232.95.192,62,jhill1p@weather.com
Female,386-(705)807-1882,Diane,Gonzalez,40.189.94.195,63,dgonzalez1q@cnbc.com
Female,420-(996)483-8261,Angela,Wheeler,73.121.123.170,64,awheeler1r@photobucket.com
Female,63-(773)636-9438,Joyce,Harris,185.235.173.241,65,jharris1s@usatoday.com
Male,30-(417)523-0444,Paul,Wagner,189.34.81.90,66,pwagner1t@harvard.edu
Male,62-(529)368-8907,Martin,Banks,207.100.5.88,67,mbanks1u@techcrunch.com
Female,52-(579)594-3721,Gloria,Myers,110.129.178.185,68,gmyers1v@about.com
Male,86-(228)513-1658,Thomas,Wagner,193.103.172.140,69,twagner1w@bigcartel.com
Female,7-(800)801-1916,Catherine,Edwards,133.183.156.244,70,cedwards1x@cafepress.com
Female,234-(325)596-3983,Emily,Hicks,145.247.246.92,71,ehicks1y@mapy.cz
Male,62-(857)348-3970,Earl,Gray,171.123.25.145,72,egray1z@about.me
Male,51-(169)768-8976,Sean,Mendoza,25.63.69.17,73,smendoza20@imageshack.us
Male,86-(862)895-2521,Roger,Howard,190.57.80.130,74,rhoward21@tinyurl.com
Female,51-(758)442-7401,Pamela,Castillo,68.169.148.169,75,pcastillo22@youtu.be
Female,51-(848)313-9455,Alice,Lee,209.154.129.48,76,alee23@dot.gov
Male,48-(971)278-9760,Jerry,Fields,149.53.144.147,77,jfields24@craigslist.org
Male,970-(730)916-0646,Kenneth,Wagner,40.187.193.24,78,kwagner25@eventbrite.com
Female,51-(691)460-7724,Ruth,Berry,68.81.235.247,79,rberry26@skype.com
Male,60-(788)848-5605,Gregory,Dunn,12.1.52.185,80,gdunn27@cyberchimps.com
Female,374-(549)423-0074,Linda,Roberts,113.197.125.253,81,lroberts28@indiatimes.com
Female,52-(386)744-5655,Phyllis,Gardner,131.213.82.85,82,pgardner29@wordpress.com
Female,86-(166)665-1344,Emily,Ferguson,207.227.10.34,83,eferguson2a@trellian.com
Male,86-(560)611-9962,Juan,Owens,92.107.97.151,84,jowens2b@cbc.ca
Male,51-(406)896-4222,Andrew,Owens,15.73.121.190,85,aowens2c@ow.ly
Male,351-(765)237-0543,Carl,Day,71.44.66.247,86,cday2d@xrea.com
Female,81-(421)304-6248,Jessica,Knight,137.105.116.253,87,jknight2e@tripadvisor.com
Female,33-(118)165-9651,Shirley,White,129.194.32.45,88,swhite2f@twitpic.com
Male,33-(269)635-6438,Gerald,Lawrence,36.54.57.135,89,glawrence2g@issuu.com
Male,86-(105)451-9988,Albert,Mendoza,248.223.17.190,90,amendoza2h@tumblr.com
Male,62-(311)884-0167,Christopher,Knight,160.196.82.103,91,cknight2i@purevolume.com
Female,351-(117)223-9556,Ashley,Wallace,202.82.151.97,92,awallace2j@facebook.com
Male,54-(927)441-4421,Larry,Perez,75.166.190.244,93,lperez2k@spotify.com
Male,62-(613)291-9921,Charles,Moore,237.58.177.63,94,cmoore2l@storify.com
Male,86-(113)619-1404,Martin,Fisher,252.27.36.218,95,mfisher2m@edublogs.org
Male,48-(145)450-6515,Earl,Rivera,202.67.108.172,96,erivera2n@princeton.edu
Female,86-(482)992-4420,Nicole,Arnold,32.120.126.94,97,narnold2o@amazon.co.uk
Male,244-(503)549-3668,Gary,Hamilton,15.51.138.78,98,ghamilton2p@123-reg.co.uk
Male,62-(757)625-9909,George,Green,242.169.52.124,99,ggreen2q@wp.com
Male,33-(891)840-2085,Anthony,Collins,115.235.51.196,100,acollins2r@gmpg.org
Male,62-(153)874-0344,Roger,Hamilton,117.116.239.202,101,rhamilton2s@prnewswire.com
Female,7-(346)980-3256,Marilyn,Clark,3.16.165.154,102,mclark2t@bbb.org
Male,64-(349)642-2092,Jonathan,Sanchez,117.31.187.108,103,jsanchez2u@lycos.com
Male,7-(199)650-6742,John,Kim,18.139.97.220,104,jkim2v@shutterfly.com
Male,351-(606)530-0968,Roy,Simpson,15.182.217.227,105,rsimpson2w@yolasite.com
Female,7-(968)484-3163,Christine,Ward,78.173.59.236,106,cward2x@barnesandnoble.com
Male,62-(146)259-5325,Juan,Cunningham,57.202.141.118,107,jcunningham2y@seesaa.net
Female,33-(156)607-2114,Anna,Gomez,47.29.176.90,108,agomez2z@house.gov
Female,358-(567)650-9068,Gloria,Knight,61.172.47.30,109,gknight30@surveymonkey.com
Female,86-(418)335-1262,Joyce,Freeman,151.168.3.121,110,jfreeman31@census.gov
Male,46-(187)533-2972,Keith,Burton,144.207.116.40,111,kburton32@privacy.gov.au
Female,372-(957)872-7651,Emily,Harvey,109.158.59.238,112,eharvey33@istockphoto.com
Male,232-(330)654-0648,Louis,Moreno,208.92.94.152,113,lmoreno34@google.com.hk
Female,7-(434)897-8264,Amanda,Morales,79.212.136.62,114,amorales35@barnesandnoble.com
Male,86-(764)293-0121,Roy,Nichols,252.90.170.135,115,rnichols36@technorati.com
Male,380-(273)679-1353,Chris,Armstrong,229.122.55.227,116,carmstrong37@answers.com
Female,7-(507)812-0143,Carol,Bishop,146.203.113.111,117,cbishop38@tmall.com
Male,62-(445)124-0453,David,Wheeler,137.134.198.105,118,dwheeler39@etsy.com
Male,63-(321)850-2575,Jeremy,Edwards,155.144.90.165,119,jedwards3a@bandcamp.com
Female,1-(817)615-7489,Phyllis,Harper,62.175.231.213,120,pharper3b@yellowbook.com
Female,46-(237)490-1678,Betty,Fields,199.135.77.137,121,bfields3c@dailymail.co.uk
Female,351-(941)689-3168,Robin,Marshall,90.20.45.60,122,rmarshall3d@lulu.com
Male,1-(678)221-6558,Jack,Bell,53.61.76.41,123,jbell3e@deliciousdays.com
Female,977-(895)939-1978,Anne,Freeman,217.127.114.54,124,afreeman3f@seesaa.net
Male,86-(844)591-4788,Jeremy,Bishop,90.247.92.76,125,jbishop3g@weibo.com
Female,503-(588)900-5713,Beverly,Burton,182.65.124.156,126,bburton3h@geocities.jp
Male,93-(261)289-3999,Russell,Jones,49.249.180.218,127,rjones3i@free.fr
Male,86-(822)762-0413,Ernest,Ward,137.90.202.2,128,eward3j@abc.net.au
Female,62-(305)215-1629,Nicole,Mendoza,213.247.118.20,129,nmendoza3k@amazon.co.uk
Male,62-(521)223-8872,Jesse,Scott,12.106.17.251,130,jscott3l@geocities.com
Male,62-(921)685-1415,Russell,Bennett,165.70.94.185,131,rbennett3m@state.tx.us
Female,256-(524)841-5860,Cheryl,Fisher,81.224.113.25,132,cfisher3n@tinyurl.com
Female,55-(876)236-7465,Melissa,Price,234.182.147.162,133,mprice3o@hud.gov
Female,66-(337)971-3599,Brenda,Porter,25.155.40.167,134,bporter3p@lulu.com
Male,33-(943)881-2728,Philip,Romero,196.47.116.237,135,promero3q@live.com
Male,86-(113)462-6450,Donald,Gomez,53.141.90.55,136,dgomez3r@lulu.com
Male,7-(366)678-9130,Carl,Hamilton,34.165.46.121,137,chamilton3s@mit.edu
Male,86-(981)446-9226,Chris,Sanchez,172.4.210.15,138,csanchez3t@google.co.jp
Female,86-(706)549-8233,Janice,Gonzales,67.173.179.21,139,jgonzales3u@sina.com.cn
Male,86-(399)486-8507,Jeremy,Fox,190.206.2.50,140,jfox3v@tinyurl.com
Male,33-(456)712-7416,Kenneth,George,155.150.203.19,141,kgeorge3w@indiegogo.com
Male,594-(527)455-0512,Jeffrey,Medina,52.45.208.176,142,jmedina3x@weather.com
Female,963-(182)297-5920,Wanda,Sims,37.80.137.6,143,wsims3y@seesaa.net
Male,502-(961)675-5276,Earl,Johnston,25.44.204.92,144,ejohnston3z@printfriendly.com
Female,86-(298)275-0635,Denise,Reyes,110.59.176.142,145,dreyes40@biblegateway.com
Male,62-(729)641-6511,Raymond,Vasquez,19.219.30.104,146,rvasquez41@ustream.tv
Female,1-(465)889-5559,Rachel,Barnes,126.218.43.134,147,rbarnes42@nydailynews.com
Female,54-(994)446-7573,Rose,Little,233.152.130.200,148,rlittle43@blinklist.com
Female,1-(481)587-7082,Elizabeth,Welch,161.149.207.165,149,ewelch44@noaa.gov
Male,502-(657)267-8136,Roger,Jenkins,114.188.102.207,150,rjenkins45@fda.gov
Male,33-(200)108-4284,Edward,Jones,204.125.162.83,151,ejones46@cnet.com
Male,998-(151)487-4790,Jonathan,Fox,143.157.192.129,152,jfox47@nih.gov
Male,216-(150)933-2759,Dennis,Bennett,190.198.238.191,153,dbennett48@biglobe.ne.jp
Male,236-(709)374-7784,Daniel,Simpson,99.74.205.174,154,dsimpson49@hc360.com
Female,62-(224)559-5596,Ruby,Gomez,214.151.7.95,155,rgomez4a@wikispaces.com
Female,964-(922)848-5106,Lori,Stewart,134.192.250.43,156,lstewart4b@japanpost.jp
Male,86-(612)269-4428,Louis,Baker,8.242.16.92,157,lbaker4c@cnn.com
Male,86-(878)745-8653,Harold,Sanchez,165.118.167.78,158,hsanchez4d@vkontakte.ru
Male,855-(785)770-1387,Billy,Lynch,109.1.219.161,159,blynch4e@nydailynews.com
Male,33-(405)629-2840,Larry,Greene,135.2.179.251,160,lgreene4f@ocn.ne.jp
Male,30-(734)828-8139,Eugene,Harris,1.149.227.51,161,eharris4g@a8.net
Female,86-(696)354-0982,Karen,Fisher,59.61.76.203,162,kfisher4h@forbes.com
Female,1-(730)717-3830,Deborah,Gilbert,109.94.248.194,163,dgilbert4i@symantec.com
Male,7-(330)580-3139,Christopher,Hill,176.166.237.207,164,chill4j@nationalgeographic.com
Male,389-(400)235-3131,Earl,George,8.245.14.15,165,egeorge4k@tinyurl.com
Female,46-(255)348-1695,Nancy,Romero,202.103.21.97,166,nromero4l@naver.com
Male,691-(606)759-7040,Scott,Martinez,247.153.11.222,167,smartinez4m@hibu.com
Male,62-(207)297-9436,Donald,Garrett,202.192.55.34,168,dgarrett4n@springer.com
Female,62-(234)254-3645,Joan,Warren,47.20.9.31,169,jwarren4o@github.com
Male,55-(472)953-3899,Bobby,Washington,197.35.152.6,170,bwashington4p@usa.gov
Male,34-(255)409-6449,Larry,Bowman,236.19.153.194,171,lbowman4q@meetup.com
Male,62-(264)113-1266,Keith,Hansen,180.138.24.245,172,khansen4r@alibaba.com
Female,62-(995)116-5429,Stephanie,Johnston,21.221.210.136,173,sjohnston4s@seattletimes.com
Female,81-(584)949-3266,Kathleen,Price,198.73.16.201,174,kprice4t@example.com
Female,994-(781)256-2848,Beverly,Armstrong,250.129.252.43,175,barmstrong4u@go.com
Male,47-(268)777-7979,Robert,West,228.234.76.249,176,rwest4v@taobao.com
Female,212-(113)693-2797,Ruth,Gordon,255.114.76.95,177,rgordon4w@free.fr
Male,234-(593)572-5117,Henry,Long,173.248.223.228,178,hlong4x@reverbnation.com
Female,86-(695)778-6730,Norma,Medina,144.5.178.106,179,nmedina4y@sfgate.com
Male,86-(250)793-2532,Thomas,Mendoza,192.101.45.96,180,tmendoza4z@chronoengine.com
Male,351-(332)788-8467,Richard,Wagner,25.82.213.9,181,rwagner50@jigsy.com
Female,86-(628)563-7246,Rebecca,Gordon,65.75.214.14,182,rgordon51@scientificamerican.com
Male,380-(147)174-8680,Lawrence,Morrison,203.212.73.191,183,lmorrison52@home.pl
Male,86-(662)257-1468,Steven,Hicks,79.132.47.41,184,shicks53@guardian.co.uk
Female,84-(405)423-4964,Lillian,Hayes,48.144.170.157,185,lhayes54@pbs.org
Female,62-(592)745-4340,Kimberly,Romero,108.53.60.5,186,kromero55@networksolutions.com
Male,55-(789)990-1656,Joe,Roberts,125.251.166.210,187,jroberts56@ft.com
Female,63-(157)960-0974,Pamela,Hamilton,30.235.57.186,188,phamilton57@scientificamerican.com
Male,81-(599)666-3965,Carl,Porter,83.86.176.161,189,cporter58@opensource.org
Female,7-(253)619-6963,Sarah,Dixon,191.133.189.80,190,sdixon59@free.fr
Male,7-(622)177-9082,Jeffrey,Sanchez,88.109.196.36,191,jsanchez5a@storify.com
Female,7-(328)215-8162,Laura,Phillips,24.134.193.120,192,lphillips5b@sogou.com
Female,86-(649)764-0438,Linda,Sanders,228.84.138.87,193,lsanders5c@4shared.com
Female,55-(422)600-1162,Ann,Woods,254.4.122.36,194,awoods5d@sohu.com
Female,62-(341)448-9518,Catherine,Hernandez,96.180.193.232,195,chernandez5e@ebay.com
Female,355-(929)107-8760,Evelyn,Larson,167.154.246.23,196,elarson5f@phpbb.com
Male,62-(882)603-4740,Chris,Rogers,66.142.94.239,197,crogers5g@usatoday.com
Male,1-(757)290-3826,Shawn,Elliott,183.4.176.76,198,selliott5h@nymag.com
Male,975-(947)656-5094,Brandon,Edwards,222.10.130.103,199,bedwards5i@ehow.com
Female,358-(612)539-7290,Wanda,Weaver,116.231.124.174,200,wweaver5j@arstechnica.com
Female,92-(971)139-1166,Julie,Palmer,157.62.33.221,201,jpalmer5k@amazonaws.com
Male,1-(587)421-0478,Carlos,Murray,85.135.179.129,202,cmurray5l@ebay.com
Male,64-(861)972-8738,Benjamin,Day,30.136.125.192,203,bday5m@joomla.org
Female,380-(351)112-8216,Lori,Shaw,175.125.33.84,204,lshaw5n@prlog.org
Female,383-(648)538-3111,Amy,Walker,5.100.249.113,205,awalker5o@miibeian.gov.cn
Male,218-(213)604-9937,Gerald,Boyd,246.61.138.29,206,gboyd5p@marketwatch.com
Female,98-(785)877-9870,Carol,Grant,162.194.146.25,207,cgrant5q@umn.edu
Male,62-(975)190-5460,Steve,Reyes,89.130.254.52,208,sreyes5r@histats.com
Male,1-(534)479-9497,Brian,Welch,35.161.47.174,209,bwelch5s@csmonitor.com
Male,63-(181)624-3153,Gerald,Robinson,143.174.9.255,210,grobinson5t@ucoz.ru
Male,7-(309)395-4433,Brian,Knight,247.68.194.139,211,bknight5u@ameblo.jp
Male,62-(765)665-7541,Nicholas,Perry,200.56.6.148,212,nperry5v@whitehouse.gov
Female,62-(623)199-9705,Brenda,Mills,232.57.236.44,213,bmills5w@example.com
Female,86-(254)306-4463,Kimberly,Hayes,156.145.44.87,214,khayes5x@canalblog.com
Male,57-(320)859-1316,Samuel,Mccoy,190.37.51.147,215,smccoy5y@typepad.com
Female,55-(240)816-5341,Lori,Griffin,98.20.148.166,216,lgriffin5z@dion.ne.jp
Female,27-(985)800-0481,Lori,Griffin,194.183.241.120,217,lgriffin60@ca.gov
Female,48-(545)879-1679,Cheryl,Campbell,248.53.26.198,218,ccampbell61@twitter.com
Male,226-(660)690-9983,Thomas,Hudson,2.108.247.176,219,thudson62@ed.gov
Female,226-(983)551-2848,Donna,Richards,91.131.179.177,220,drichards63@1und1.de
Female,62-(263)990-2658,Katherine,Carroll,33.185.58.105,221,kcarroll64@time.com
Female,7-(936)219-5063,Jennifer,White,117.46.145.127,222,jwhite65@ted.com
Female,86-(193)260-1920,Julie,Edwards,226.4.242.179,223,jedwards66@mozilla.org
Male,62-(828)177-8762,Aaron,Andrews,22.200.38.31,224,aandrews67@netscape.com
Female,234-(467)252-0177,Linda,Young,186.40.252.185,225,lyoung68@disqus.com
Male,63-(793)688-8590,Terry,Graham,137.37.150.204,226,tgraham69@4shared.com
Female,86-(646)265-3266,Pamela,Payne,240.254.21.225,227,ppayne6a@google.co.jp
Female,7-(997)224-9113,Kimberly,Ford,120.216.109.29,228,kford6b@networkadvertising.org
Male,251-(180)499-2542,Gerald,Mitchell,128.189.106.92,229,gmitchell6c@goo.ne.jp
Male,64-(563)971-4309,Brian,Hart,31.139.167.252,230,bhart6d@mlb.com
Male,380-(674)366-8741,Earl,Barnes,207.75.101.219,231,ebarnes6e@smh.com.au
Female,62-(905)128-9009,Marilyn,Hansen,68.32.75.137,232,mhansen6f@sun.com
Male,351-(156)972-3234,Samuel,Powell,245.33.3.120,233,spowell6g@tinyurl.com
Female,86-(260)111-4443,Patricia,Gibson,241.89.202.254,234,pgibson6h@yandex.ru
Female,45-(340)388-5809,Robin,Henry,27.74.238.112,235,rhenry6i@loc.gov
Female,7-(349)348-2067,Christine,Hunter,216.253.4.94,236,chunter6j@wix.com
Female,86-(973)104-8594,Janice,Jackson,50.0.48.251,237,jjackson6k@parallels.com
Male,93-(833)814-9326,Jack,Gomez,122.22.33.187,238,jgomez6l@over-blog.com
Female,86-(987)812-5959,Teresa,Gonzales,120.211.183.43,239,tgonzales6m@arstechnica.com
Male,33-(379)648-5111,Charles,Robinson,21.136.70.41,240,crobinson6n@wikispaces.com
Female,1-(610)802-6334,Jennifer,Gordon,158.210.207.137,241,jgordon6o@ebay.co.uk
Male,81-(206)804-6442,Daniel,Gonzalez,241.23.106.232,242,dgonzalez6p@zimbio.com
Male,54-(283)568-8721,Matthew,Hicks,73.177.100.65,243,mhicks6q@netlog.com
Male,504-(878)992-7081,John,Payne,42.157.49.247,244,jpayne6r@vistaprint.com
Male,234-(770)600-8197,Bobby,Harrison,164.77.149.136,245,bharrison6s@homestead.com
Male,55-(525)400-9540,Jose,Mills,149.48.173.195,246,jmills6t@utexas.edu
Male,81-(769)782-0630,Keith,Grant,154.151.107.230,247,kgrant6u@nyu.edu
Male,351-(930)743-3938,Patrick,Brown,251.191.246.183,248,pbrown6v@163.com
Female,351-(312)871-3123,Michelle,Freeman,195.63.27.152,249,mfreeman6w@ca.gov
Male,92-(646)622-9290,Gerald,Ferguson,188.92.93.161,250,gferguson6x@blinklist.com
Female,49-(538)890-0060,Christina,Graham,233.137.145.30,251,cgraham6y@dell.com
Female,48-(109)243-6802,Jennifer,Hart,48.81.29.246,252,jhart6z@wikipedia.org
Male,86-(265)612-4101,Howard,Richards,44.21.5.53,253,hrichards70@clickbank.net
Female,387-(844)641-0475,Ann,Bennett,59.188.144.214,254,abennett71@trellian.com
Female,62-(605)313-9796,Kathy,Reed,233.154.197.12,255,kreed72@chronoengine.com
Male,261-(413)505-6783,Eugene,Barnes,226.19.94.219,256,ebarnes73@ocn.ne.jp
Male,880-(248)160-9845,Thomas,Morgan,152.209.128.31,257,tmorgan74@hud.gov
Male,970-(884)408-5204,Henry,Gibson,88.177.45.193,258,hgibson75@admin.ch
Male,33-(853)949-9079,Kenneth,Stanley,61.132.222.124,259,kstanley76@people.com.cn
Female,55-(863)614-8769,Christina,Lawson,53.241.194.189,260,clawson77@tripadvisor.com
Male,420-(589)438-6225,Jack,Gibson,43.191.211.24,261,jgibson78@slashdot.org
Male,49-(297)465-0012,Steven,Oliver,158.112.150.186,262,soliver79@booking.com
Male,7-(678)178-0484,Phillip,Miller,73.178.14.41,263,pmiller7a@goodreads.com
Female,351-(182)556-5907,Louise,Stephens,75.61.103.250,264,lstephens7b@fastcompany.com
Female,46-(435)642-6012,Sharon,Cox,137.37.135.172,265,scox7c@state.gov
Male,351-(622)782-4766,Charles,Ruiz,168.125.240.187,266,cruiz7d@com.com
Male,260-(303)474-2595,Jason,Smith,229.122.0.163,267,jsmith7e@last.fm
Male,62-(566)334-1189,Arthur,Perry,117.184.192.120,268,aperry7f@state.gov
Male,62-(186)294-8507,Henry,Sullivan,108.64.91.144,269,hsullivan7g@naver.com
Female,230-(624)162-6949,Nancy,Jacobs,15.185.240.158,270,njacobs7h@ox.ac.uk
Male,33-(459)524-0822,Joseph,Mason,177.195.46.17,271,jmason7i@cnbc.com
Male,86-(294)428-4385,Matthew,Lynch,98.30.77.210,272,mlynch7j@vinaora.com
Female,55-(294)153-8086,Shirley,Ryan,10.100.125.3,273,sryan7k@patch.com
Male,7-(197)237-3771,Howard,Holmes,107.163.78.114,274,hholmes7l@unblog.fr
Male,380-(785)267-4986,Brandon,Oliver,221.185.103.157,275,boliver7m@arizona.edu
Female,62-(862)877-9308,Jacqueline,Ramos,84.163.57.73,276,jramos7n@domainmarket.com
Male,86-(654)333-9859,John,Jackson,31.234.55.33,277,jjackson7o@typepad.com
Female,62-(388)742-9338,Kelly,Harvey,57.89.56.188,278,kharvey7p@prlog.org
Male,86-(214)760-7057,Steven,Ford,216.159.219.52,279,sford7q@smugmug.com
Female,234-(783)231-6887,Karen,Ferguson,92.134.144.203,280,kferguson7r@addtoany.com
Female,255-(258)244-2139,Brenda,Reynolds,18.74.242.120,281,breynolds7s@vistaprint.com
Female,27-(576)399-2702,Ruth,Fuller,86.39.184.215,282,rfuller7t@unicef.org
Female,30-(353)688-2607,Bonnie,Frazier,135.234.223.60,283,bfrazier7u@twitpic.com
Female,86-(818)720-3360,Helen,Ross,59.12.213.201,284,hross7v@yelp.com
Female,86-(292)775-5932,Christina,Ruiz,214.129.14.209,285,cruiz7w@mozilla.com
Female,387-(499)451-2419,Susan,Jenkins,206.249.121.15,286,sjenkins7x@amazon.de
Male,54-(794)304-2057,Jason,Ramos,24.81.22.68,287,jramos7y@geocities.jp
Female,972-(451)647-9988,Christina,Dunn,198.72.147.197,288,cdunn7z@creativecommons.org
Female,1-(571)870-2722,Elizabeth,Barnes,97.225.35.236,289,ebarnes80@sfgate.com
Female,7-(925)348-2495,Judith,Jackson,155.217.15.219,290,jjackson81@scribd.com
Female,358-(784)920-4284,Evelyn,Turner,8.19.57.175,291,eturner82@vkontakte.ru
Female,7-(586)293-6885,Kathy,Howard,81.146.180.119,292,khoward83@clickbank.net
Female,62-(698)162-7825,Jean,Torres,130.41.135.42,293,jtorres84@ox.ac.uk
Female,86-(917)615-2645,Angela,Peterson,197.142.153.209,294,apeterson85@skype.com
Male,86-(401)470-4281,Timothy,Turner,80.158.11.211,295,tturner86@myspace.com
Male,62-(724)464-2110,Jesse,Foster,60.167.141.164,296,jfoster87@businessinsider.com
Male,1-(716)508-8939,Peter,Mendoza,227.255.139.72,297,pmendoza88@cisco.com
Female,385-(185)545-2240,Cynthia,Flores,240.28.183.160,298,cflores89@networkadvertising.org
Female,86-(824)630-1577,Susan,Fowler,188.27.182.59,299,sfowler8a@hp.com
Male,86-(462)126-6027,Douglas,Martinez,9.252.39.216,300,dmartinez8b@marketwatch.com
Female,46-(270)931-7753,Donna,Murray,4.4.106.28,301,dmurray8c@privacy.gov.au
Female,84-(418)259-1061,Jean,Scott,65.130.227.162,302,jscott8d@prlog.org
Male,7-(440)361-8773,Eugene,Murray,128.210.46.233,303,emurray8e@businessweek.com
Female,48-(103)421-6608,Julie,Garza,69.199.69.8,304,jgarza8f@wiley.com
Male,86-(406)708-5352,Samuel,Reyes,31.77.51.17,305,sreyes8g@so-net.ne.jp
Female,82-(798)470-2662,Betty,Torres,117.167.66.114,306,btorres8h@google.com
Male,30-(115)394-3327,Juan,Hill,137.190.106.105,307,jhill8i@cbc.ca
Female,237-(254)126-6172,Denise,Pierce,22.88.72.121,308,dpierce8j@github.io
Male,52-(168)340-2362,Thomas,Edwards,168.245.223.32,309,tedwards8k@livejournal.com
Male,52-(877)386-2284,Eugene,Montgomery,152.87.23.147,310,emontgomery8l@merriam-webster.com
Female,86-(940)631-0582,Mary,Lewis,105.28.233.172,311,mlewis8m@theatlantic.com
Female,86-(951)758-9821,Rachel,Garza,58.132.26.74,312,rgarza8n@imdb.com
Male,55-(504)228-6450,Christopher,Ray,128.155.134.246,313,cray8o@yandex.ru
Female,46-(612)760-7422,Jessica,Grant,118.216.62.169,314,jgrant8p@paypal.com
Male,62-(815)357-6142,Jose,Hanson,65.226.243.38,315,jhanson8q@mashable.com
Female,33-(879)307-1538,Lillian,Kelly,139.217.242.83,316,lkelly8r@scribd.com
Female,681-(541)725-6664,Katherine,Welch,40.194.161.197,317,kwelch8s@alibaba.com
Male,86-(662)827-2027,Gary,Watkins,158.99.10.78,318,gwatkins8t@amazon.co.uk
Male,1-(253)448-6643,Richard,Johnston,142.25.145.197,319,rjohnston8u@tripadvisor.com
Male,249-(992)281-6825,Brian,Spencer,65.174.177.183,320,bspencer8v@behance.net
Female,81-(164)173-1777,Amanda,Oliver,61.53.95.74,321,aoliver8w@hatena.ne.jp
Female,86-(565)611-5430,Jacqueline,Arnold,56.209.8.235,322,jarnold8x@twitter.com
Female,691-(629)491-7844,Jennifer,Green,19.72.41.11,323,jgreen8y@newsvine.com
Female,591-(802)661-1736,Angela,Reyes,46.226.80.153,324,areyes8z@epa.gov
Male,62-(361)111-3628,Brandon,Bishop,221.131.66.101,325,bbishop90@bbb.org
Male,1-(205)607-1585,Daniel,Larson,95.205.87.46,326,dlarson91@diigo.com
Female,33-(668)546-1686,Jessica,Turner,239.87.248.177,327,jturner92@t.co
Female,81-(525)413-1032,Mildred,Henderson,94.19.210.56,328,mhenderson93@sphinn.com
Male,235-(537)701-4278,Jimmy,Campbell,158.127.145.121,329,jcampbell94@blog.com
Female,62-(644)130-3246,Angela,Coleman,16.96.74.254,330,acoleman95@engadget.com
Male,62-(868)736-3953,Louis,Wallace,138.43.203.210,331,lwallace96@engadget.com
Male,380-(317)822-9064,Todd,Warren,152.94.67.64,332,twarren97@multiply.com
Female,33-(493)641-7577,Shirley,Holmes,15.25.70.0,333,sholmes98@craigslist.org
Female,27-(604)305-3854,Brenda,Spencer,115.27.61.70,334,bspencer99@ezinearticles.com
Male,63-(329)711-4648,Scott,Smith,107.117.124.14,335,ssmith9a@furl.net
Male,62-(611)488-1877,Sean,Mitchell,109.179.6.104,336,smitchell9b@paypal.com
Male,84-(832)608-9772,Ronald,Hughes,104.208.202.228,337,rhughes9c@google.cn
Female,64-(207)220-7853,Dorothy,Richards,18.223.251.151,338,drichards9d@sciencedirect.com
Male,7-(939)984-4976,Eric,Frazier,144.239.241.117,339,efrazier9e@nasa.gov
Male,30-(928)881-4172,Charles,Rogers,85.74.126.161,340,crogers9f@123-reg.co.uk
Female,33-(282)172-4284,Rose,Chavez,121.142.112.8,341,rchavez9g@netlog.com
Female,998-(207)543-3248,Linda,Martin,112.176.239.195,342,lmartin9h@eventbrite.com
Female,380-(812)989-6231,Jennifer,Taylor,51.88.7.114,343,jtaylor9i@ezinearticles.com
Male,62-(938)276-8562,Albert,Fuller,32.40.39.149,344,afuller9j@princeton.edu
Male,33-(916)477-4985,Steve,Boyd,141.172.197.32,345,sboyd9k@bandcamp.com
Male,1-(312)699-5013,Roy,Freeman,188.143.54.212,346,rfreeman9l@parallels.com
Female,48-(627)690-4378,Barbara,Robinson,206.56.0.236,347,brobinson9m@admin.ch
Male,55-(379)979-1068,Jonathan,Miller,17.249.58.114,348,jmiller9n@cloudflare.com
Female,880-(810)780-4267,Marilyn,Knight,109.101.172.121,349,mknight9o@acquirethisname.com
Male,53-(567)427-5694,Ralph,Henderson,212.105.243.151,350,rhenderson9p@apple.com
Female,86-(611)665-8551,Andrea,Wheeler,185.61.15.194,351,awheeler9q@friendfeed.com
Female,55-(932)240-5418,Melissa,George,97.248.210.151,352,mgeorge9r@msn.com
Female,46-(724)301-1183,Christine,Watkins,23.148.81.93,353,cwatkins9s@e-recht24.de
Male,356-(525)963-8662,Albert,Sanchez,158.133.183.20,354,asanchez9t@bloomberg.com
Male,7-(431)615-1393,Chris,Payne,118.252.175.148,355,cpayne9u@taobao.com
Female,7-(523)389-1036,Heather,Murphy,67.115.70.181,356,hmurphy9v@mit.edu
Female,7-(995)684-0149,Anna,Burton,13.123.111.232,357,aburton9w@google.cn
Male,86-(516)144-9016,Eric,Patterson,81.214.139.252,358,epatterson9x@imgur.com
Male,351-(551)647-3704,Jesse,Vasquez,50.234.127.178,359,jvasquez9y@cargocollective.com
Male,66-(854)520-4323,Kevin,Garcia,178.110.36.184,360,kgarcia9z@mit.edu
Female,62-(548)992-9604,Rachel,Armstrong,6.140.104.164,361,rarmstronga0@macromedia.com
Female,7-(314)507-2442,Ashley,Garcia,30.44.138.139,362,agarciaa1@marriott.com
Male,234-(155)314-9056,Chris,Lawson,88.74.75.39,363,clawsona2@senate.gov
Female,48-(583)211-3830,Anna,Jackson,254.228.97.186,364,ajacksona3@myspace.com
Male,55-(150)445-8718,Jerry,Bell,145.183.144.11,365,jbella4@histats.com
Male,33-(473)533-8553,Steve,Gonzales,249.132.119.153,366,sgonzalesa5@edublogs.org
Male,86-(881)476-6822,Jack,Lawrence,209.103.27.197,367,jlawrencea6@usda.gov
Male,255-(762)373-6756,Carlos,Alexander,3.156.182.221,368,calexandera7@ning.com
Female,7-(900)790-1990,Diana,Ellis,53.3.20.209,369,dellisa8@apache.org
Male,63-(947)641-9137,Anthony,Elliott,1.166.87.213,370,aelliotta9@ustream.tv
Male,86-(268)679-4069,Brian,Bell,56.77.238.223,371,bbellaa@nhs.uk
Female,86-(236)800-5522,Frances,Martin,198.76.119.78,372,fmartinab@apple.com
Male,86-(924)789-9642,Keith,Sanchez,176.231.5.50,373,ksanchezac@irs.gov
Female,1-(980)316-7928,Pamela,Snyder,15.150.128.100,374,psnyderad@cafepress.com
Male,502-(242)278-7779,Scott,Stone,9.73.21.238,375,sstoneae@gmpg.org
Male,1-(675)509-7275,Johnny,Garza,131.198.218.243,376,jgarzaaf@time.com
Male,595-(669)570-9037,Eric,Lewis,27.196.73.96,377,elewisag@soup.io
Female,7-(170)499-5260,Sharon,Ford,209.176.192.2,378,sfordah@facebook.com
Female,506-(247)967-9533,Andrea,Morales,159.48.96.94,379,amoralesai@ftc.gov
Male,963-(550)958-2963,Antonio,Hart,235.225.253.137,380,ahartaj@apache.org
Female,380-(208)497-6807,Joyce,Woods,9.135.36.97,381,jwoodsak@amazon.com
Male,64-(405)881-5736,Phillip,Reed,65.68.226.196,382,preedal@mashable.com
Female,86-(976)832-0632,Stephanie,Lopez,36.239.162.4,383,slopezam@dailymotion.com
Female,48-(223)368-7175,Evelyn,Hunt,69.116.234.156,384,ehuntan@deviantart.com
Female,86-(935)736-6734,Bonnie,Kennedy,181.24.14.147,385,bkennedyao@narod.ru
Female,62-(171)335-5159,Mary,Black,80.199.29.90,386,mblackap@yellowpages.com
Male,242-(121)131-4497,Steven,Edwards,22.100.111.158,387,sedwardsaq@shop-pro.jp
Female,52-(230)722-1798,Brenda,Andrews,17.236.252.155,388,bandrewsar@soup.io
Male,998-(915)549-4441,Gerald,Cook,186.32.98.163,389,gcookas@sakura.ne.jp
Female,86-(919)944-2875,Jennifer,Mendoza,48.10.238.47,390,jmendozaat@indiegogo.com
Male,351-(815)307-3202,Roger,Matthews,75.220.152.32,391,rmatthewsau@who.int
Male,1-(757)685-4494,Gary,Wallace,31.111.87.252,392,gwallaceav@bluehost.com
Female,48-(258)777-4766,Theresa,Lawrence,113.5.207.138,393,tlawrenceaw@dedecms.com
Male,63-(904)503-1618,Kenneth,Ortiz,68.179.20.117,394,kortizax@ustream.tv
Female,55-(119)392-0634,Jacqueline,Harrison,167.144.194.135,395,jharrisonay@examiner.com
Female,46-(496)526-5571,Ashley,Hanson,8.56.65.140,396,ahansonaz@google.pl
Female,504-(912)456-5801,Virginia,Hudson,241.19.51.28,397,vhudsonb0@4shared.com
Female,7-(666)838-1058,Cynthia,Reyes,69.145.119.189,398,creyesb1@icio.us
Female,86-(654)884-9032,Jennifer,Evans,186.30.232.114,399,jevansb2@bizjournals.com
Female,385-(846)455-9959,Margaret,Owens,110.158.101.91,400,mowensb3@hexun.com
Female,7-(319)857-4031,Theresa,Bishop,28.246.106.95,401,tbishopb4@delicious.com
Male,507-(119)291-0068,Howard,Bryant,38.116.94.214,402,hbryantb5@si.edu
Female,62-(644)888-9483,Louise,Fernandez,134.3.88.11,403,lfernandezb6@quantcast.com
Female,86-(505)479-3702,Joan,Mason,11.81.0.92,404,jmasonb7@ebay.com
Female,55-(984)204-5179,Nicole,Ortiz,107.253.223.146,405,nortizb8@sciencedaily.com
Female,63-(136)613-8876,Anne,Ortiz,70.241.148.26,406,aortizb9@sourceforge.net
Female,1-(164)997-9334,Susan,Harper,123.27.162.21,407,sharperba@indiatimes.com
Male,420-(197)128-4857,Lawrence,Stevens,213.222.104.63,408,lstevensbb@redcross.org
Male,62-(183)572-5487,Clarence,Shaw,54.148.142.10,409,cshawbc@de.vu
Male,7-(600)494-9606,John,Morales,187.99.82.7,410,jmoralesbd@forbes.com
Male,48-(554)225-1046,George,Arnold,23.11.108.148,411,garnoldbe@tiny.cc
Female,86-(542)740-3199,Susan,Knight,197.202.237.250,412,sknightbf@diigo.com
Female,55-(910)782-3541,Brenda,Moore,209.243.196.171,413,bmoorebg@bbb.org
Female,62-(851)756-2452,Deborah,Hill,69.112.231.34,414,dhillbh@weather.com
Male,420-(538)218-8562,Mark,Wagner,142.31.167.54,415,mwagnerbi@ustream.tv
Female,962-(892)494-3448,Jane,Scott,9.252.203.166,416,jscottbj@last.fm
Female,46-(250)276-3137,Paula,Cox,33.212.215.65,417,pcoxbk@marriott.com
Male,86-(849)880-8619,Juan,Torres,113.141.93.159,418,jtorresbl@tamu.edu
Female,81-(701)428-9302,Phyllis,Hunter,22.53.209.78,419,phunterbm@wordpress.org
Female,235-(638)620-4165,Martha,George,72.174.215.187,420,mgeorgebn@uiuc.edu
Male,86-(614)785-8938,Gregory,West,134.131.169.180,421,gwestbo@latimes.com
Male,33-(252)682-8802,Harry,Hill,82.70.53.126,422,hhillbp@printfriendly.com
Female,86-(489)500-4289,Lisa,Schmidt,60.240.46.40,423,lschmidtbq@fc2.com
Female,1-(682)367-5278,Andrea,Murphy,125.214.113.114,424,amurphybr@i2i.jp
Female,86-(426)425-2865,Tina,Richards,200.92.78.178,425,trichardsbs@php.net
Male,966-(566)153-2148,Joseph,Simmons,56.145.119.64,426,jsimmonsbt@examiner.com
Male,355-(470)554-5873,Juan,Mills,9.74.163.36,427,jmillsbu@statcounter.com
Female,216-(903)978-6627,Heather,Woods,189.208.71.195,428,hwoodsbv@discuz.net
Male,86-(557)985-8824,Eugene,Garrett,192.148.106.156,429,egarrettbw@illinois.edu
Female,51-(171)117-2376,Susan,Gordon,169.233.90.143,430,sgordonbx@amazonaws.com
Male,351-(404)610-9787,Randy,Brooks,17.77.175.249,431,rbrooksby@walmart.com
Female,86-(273)608-3964,Ruth,Morgan,11.85.84.105,432,rmorganbz@army.mil
Female,232-(479)774-0154,Anna,Ryan,14.142.216.127,433,aryanc0@google.ca
Female,62-(629)875-7935,Marilyn,Turner,192.143.191.167,434,mturnerc1@yellowpages.com
Male,7-(137)359-7923,Randy,Mitchell,184.125.77.199,435,rmitchellc2@java.com
Female,86-(706)938-3070,Nancy,Brooks,166.127.105.0,436,nbrooksc3@seattletimes.com
Female,62-(453)274-0215,Jacqueline,Phillips,227.85.48.55,437,jphillipsc4@ocn.ne.jp
Female,86-(896)171-2174,Pamela,Jenkins,1.53.218.222,438,pjenkinsc5@nytimes.com
Male,86-(838)300-8993,Ernest,Butler,167.52.195.228,439,ebutlerc6@ovh.net
Male,1-(408)915-3255,Philip,Adams,160.40.139.41,440,padamsc7@purevolume.com
Female,86-(113)838-3111,Emily,Rivera,110.66.69.138,441,eriverac8@amazon.de
Male,62-(110)693-9729,Anthony,Lawrence,128.178.8.207,442,alawrencec9@php.net
Male,244-(699)190-6388,Shawn,Gonzalez,2.131.208.139,443,sgonzalezca@wordpress.org
Female,86-(319)786-9435,Annie,Stone,232.31.152.236,444,astonecb@redcross.org
Male,967-(789)452-1445,Ryan,Graham,204.155.130.13,445,rgrahamcc@admin.ch
Female,86-(772)351-7455,Bonnie,Franklin,30.35.64.49,446,bfranklincd@gov.uk
Female,380-(774)310-8619,Debra,Meyer,231.225.218.161,447,dmeyerce@wisc.edu
Male,374-(629)488-5231,Shawn,Taylor,182.169.106.196,448,staylorcf@istockphoto.com
Male,505-(297)701-1587,Eugene,Montgomery,49.9.45.187,449,emontgomerycg@goo.ne.jp
Male,86-(966)300-8518,Matthew,Reed,224.180.66.237,450,mreedch@cbc.ca
Female,359-(119)459-3882,Karen,Vasquez,40.249.173.132,451,kvasquezci@sciencedaily.com
Male,55-(926)959-9422,Keith,Ward,190.87.73.109,452,kwardcj@ibm.com
Male,420-(892)216-6781,Andrew,Graham,180.89.126.236,453,agrahamck@ebay.com
Female,48-(834)699-8149,Carol,Jackson,55.252.34.132,454,cjacksoncl@infoseek.co.jp
Male,55-(154)372-6374,Brian,Boyd,237.97.11.56,455,bboydcm@1und1.de
Female,351-(285)140-7119,Rachel,Burton,191.207.46.54,456,rburtoncn@mayoclinic.com
Female,86-(465)498-8462,Janet,Roberts,38.185.228.189,457,jrobertsco@nsw.gov.au
Female,86-(295)188-3766,Cynthia,Bell,56.117.214.128,458,cbellcp@taobao.com
Male,86-(723)715-1014,Matthew,Stewart,6.18.189.112,459,mstewartcq@chicagotribune.com
Male,52-(482)272-8193,Thomas,Morris,94.63.5.92,460,tmorriscr@51.la
Male,54-(838)560-4179,Steven,Garrett,38.173.158.89,461,sgarrettcs@naver.com
Male,62-(289)708-3451,Gerald,Simpson,115.33.131.133,462,gsimpsonct@xrea.com
Male,81-(901)329-8611,Jimmy,Ryan,211.221.50.142,463,jryancu@google.co.uk
Female,351-(992)422-2068,Kathleen,White,239.43.112.71,464,kwhitecv@squidoo.com
Male,86-(169)961-1746,Walter,Stevens,96.22.217.0,465,wstevenscw@bravesites.com
Female,964-(362)681-1207,Andrea,Hansen,132.166.216.185,466,ahansencx@meetup.com
Female,242-(345)341-4634,Debra,Stewart,217.116.31.114,467,dstewartcy@moonfruit.com
Male,55-(276)360-5887,Eugene,Day,92.32.210.238,468,edaycz@liveinternet.ru
Female,1-(639)938-5999,Karen,Gilbert,198.167.11.211,469,kgilbertd0@sourceforge.net
Male,86-(669)147-7844,Andrew,Warren,67.46.7.214,470,awarrend1@newyorker.com
Female,226-(259)409-3594,Laura,Palmer,145.149.197.210,471,lpalmerd2@nyu.edu
Female,48-(475)970-7043,Lori,Lynch,129.7.168.152,472,llynchd3@army.mil
Female,46-(792)960-5125,Betty,Vasquez,218.17.163.244,473,bvasquezd4@mapquest.com
Male,996-(344)376-8435,Antonio,Garrett,247.29.235.184,474,agarrettd5@bravesites.com
Male,62-(151)546-8517,Randy,Palmer,148.202.134.42,475,rpalmerd6@springer.com
Male,66-(876)933-8175,Michael,Mason,150.131.236.77,476,mmasond7@google.nl
Male,92-(991)151-0733,Arthur,Webb,184.147.227.196,477,awebbd8@timesonline.co.uk
Female,63-(999)876-8853,Irene,Rose,38.37.55.167,478,irosed9@buzzfeed.com
Female,62-(928)603-0833,Judith,Miller,50.178.126.143,479,jmillerda@moonfruit.com
Female,66-(606)138-1199,Emily,Oliver,226.147.195.18,480,eoliverdb@people.com.cn
Male,86-(984)531-1513,Eric,Mason,193.245.226.244,481,emasondc@bluehost.com
Female,62-(888)761-1455,Karen,Martinez,194.60.212.199,482,kmartinezdd@pbs.org
Male,1-(512)278-8100,Kevin,Andrews,138.68.117.167,483,kandrewsde@unesco.org
Male,62-(554)228-0101,Andrew,Long,118.180.42.209,484,alongdf@webnode.com
Female,31-(747)741-9742,Lillian,Dean,149.193.197.175,485,ldeandg@howstuffworks.com
Female,86-(624)414-5024,Doris,Gonzalez,61.26.196.65,486,dgonzalezdh@scientificamerican.com
Female,420-(521)468-3856,Brenda,Flores,213.55.178.41,487,bfloresdi@plala.or.jp
Male,993-(648)836-1107,Dennis,Smith,25.109.76.189,488,dsmithdj@ibm.com
Female,968-(536)446-8973,Dorothy,Daniels,85.27.194.138,489,ddanielsdk@blogs.com
Male,374-(971)874-5583,Eric,Carpenter,201.71.130.213,490,ecarpenterdl@instagram.com
Female,380-(427)120-2314,Marie,Rose,245.146.34.160,491,mrosedm@ask.com
Female,86-(203)584-2442,Maria,Baker,93.133.19.14,492,mbakerdn@google.co.jp
Female,86-(397)297-4897,Teresa,Miller,107.50.52.215,493,tmillerdo@bigcartel.com
Male,81-(193)627-3376,Martin,Scott,66.73.28.235,494,mscottdp@bbc.co.uk
Female,48-(726)606-9258,Sharon,Sims,163.155.210.121,495,ssimsdq@comcast.net
Male,33-(558)140-6400,Henry,Carroll,107.149.87.69,496,hcarrolldr@apache.org
Female,375-(913)817-6957,Lisa,Coleman,26.100.194.229,497,lcolemands@un.org
Male,52-(663)519-9982,Timothy,Palmer,252.253.67.228,498,tpalmerdt@behance.net
Female,48-(762)421-8048,Jessica,Moore,239.220.51.155,499,jmooredu@hugedomains.com
Female,51-(679)760-7663,Martha,Rivera,246.207.97.220,500,mriveradv@flavors.me
Female,359-(892)841-0830,Joyce,Stephens,235.50.206.192,501,jstephensdw@w3.org
Female,505-(985)952-2133,Annie,Walker,191.146.91.167,502,awalkerdx@stanford.edu
Female,86-(766)708-5672,Dorothy,Kelley,140.109.9.33,503,dkelleydy@fda.gov
Female,33-(335)402-4174,Cynthia,Jackson,8.242.190.92,504,cjacksondz@house.gov
Male,86-(479)303-5451,Joshua,Bowman,175.67.92.161,505,jbowmane0@prnewswire.com
Male,27-(805)838-7032,Albert,Cook,158.159.216.147,506,acooke1@twitter.com
Male,359-(100)510-4996,Jack,Jenkins,63.180.184.88,507,jjenkinse2@skyrock.com
Female,86-(332)625-6737,Angela,Brooks,195.205.219.243,508,abrookse3@state.tx.us
Male,49-(952)839-1294,Kevin,Owens,67.20.10.52,509,kowense4@disqus.com
Male,86-(524)116-7251,Chris,Ray,77.0.238.244,510,craye5@sbwire.com
Male,1-(717)970-7827,Scott,Stone,32.232.65.222,511,sstonee6@eepurl.com
Female,1-(263)474-1765,Carol,Hernandez,119.174.104.139,512,chernandeze7@eepurl.com
Female,46-(893)384-1778,Jessica,Hudson,140.48.4.39,513,jhudsone8@geocities.com
Male,95-(786)579-9977,Larry,Wallace,57.33.169.4,514,lwallacee9@sbwire.com
Female,33-(295)812-5686,Melissa,Lawson,146.89.62.70,515,mlawsonea@economist.com
Female,7-(865)362-5231,Jennifer,Snyder,136.252.189.238,516,jsnydereb@gnu.org
Female,374-(671)667-7871,Anne,Cruz,79.30.159.45,517,acruzec@usda.gov
Female,86-(613)649-1899,Jennifer,Walker,162.33.186.240,518,jwalkered@google.com
Male,63-(876)834-5951,Ronald,Kelley,96.157.135.196,519,rkelleyee@nydailynews.com
Female,51-(258)119-8555,Patricia,Stone,227.183.66.234,520,pstoneef@example.com
Male,62-(429)122-3547,Carlos,Turner,61.232.241.206,521,cturnereg@adobe.com
Female,86-(100)437-4788,Brenda,Williamson,162.190.125.69,522,bwilliamsoneh@jigsy.com
Male,33-(653)646-2168,Henry,Carpenter,190.132.165.220,523,hcarpenterei@php.net
Female,51-(292)166-1014,Betty,Henry,71.32.187.252,524,bhenryej@tiny.cc
Female,62-(924)109-7794,Evelyn,Garza,41.26.158.213,525,egarzaek@dyndns.org
Female,63-(944)535-0253,Amanda,Butler,73.157.199.40,526,abutlerel@hugedomains.com
Male,81-(533)837-0686,Jesse,Ray,127.105.203.138,527,jrayem@unesco.org
Female,62-(387)317-8934,Shirley,Campbell,165.66.76.20,528,scampbellen@zimbio.com
Male,33-(255)115-7316,James,Jackson,202.107.153.246,529,jjacksoneo@devhub.com
Male,54-(773)123-0801,David,Carroll,69.47.239.181,530,dcarrollep@mapy.cz
Male,54-(223)539-9328,Jimmy,Morris,225.147.205.30,531,jmorriseq@bloglovin.com
Female,63-(395)504-9754,Jacqueline,Ruiz,172.255.226.197,532,jruizer@google.ca
Female,7-(100)114-8555,Kathy,Morrison,63.59.190.240,533,kmorrisones@geocities.jp
Male,55-(669)795-8728,Matthew,Jenkins,250.143.87.146,534,mjenkinset@whitehouse.gov
Female,1-(216)342-7155,Amy,Ferguson,21.210.241.228,535,afergusoneu@icq.com
Female,55-(503)867-7378,Rachel,Montgomery,172.44.248.126,536,rmontgomeryev@godaddy.com
Male,212-(303)209-2933,Craig,Cox,76.109.132.33,537,ccoxew@goodreads.com
Female,46-(343)948-3605,Andrea,Dunn,72.83.94.212,538,adunnex@gravatar.com
Female,33-(607)875-1043,Margaret,Murray,175.45.95.181,539,mmurrayey@elegantthemes.com
Female,7-(984)200-3904,Beverly,Phillips,103.231.89.236,540,bphillipsez@woothemes.com
Male,86-(159)340-5125,Joshua,Arnold,43.152.7.109,541,jarnoldf0@123-reg.co.uk
Male,48-(774)913-0193,Russell,Carpenter,89.189.249.63,542,rcarpenterf1@latimes.com
Female,86-(368)552-3546,Carolyn,Morgan,222.193.197.146,543,cmorganf2@berkeley.edu
Male,370-(361)272-6994,Michael,Johnston,89.46.86.167,544,mjohnstonf3@china.com.cn
Male,62-(604)238-1764,Ryan,Rodriguez,87.27.186.99,545,rrodriguezf4@symantec.com
Female,86-(374)897-8943,Margaret,King,91.98.244.4,546,mkingf5@huffingtonpost.com
Male,27-(144)389-5067,Keith,Boyd,37.38.45.32,547,kboydf6@dell.com
Female,86-(119)971-3787,Cheryl,Elliott,70.70.70.104,548,celliottf7@cornell.edu
Male,45-(484)116-2008,Donald,Vasquez,90.60.254.13,549,dvasquezf8@ft.com
Female,20-(751)703-0790,Wanda,Cox,43.243.255.254,550,wcoxf9@economist.com
Female,62-(614)225-6488,Martha,Boyd,0.249.188.206,551,mboydfa@exblog.jp
Male,62-(434)559-1257,Anthony,Hudson,212.173.210.142,552,ahudsonfb@sphinn.com
Male,86-(286)964-4469,Jimmy,Black,63.52.84.149,553,jblackfc@google.fr
Male,86-(325)269-5172,Carlos,Mitchell,162.151.124.237,554,cmitchellfd@51.la
Male,86-(667)109-1554,Howard,Warren,162.249.203.26,555,hwarrenfe@friendfeed.com
Male,86-(651)321-2553,Larry,Wheeler,108.143.102.96,556,lwheelerff@timesonline.co.uk
Male,62-(246)132-2921,Andrew,Oliver,138.121.76.168,557,aoliverfg@irs.gov
Female,64-(805)265-8851,Gloria,Anderson,236.36.189.132,558,gandersonfh@ning.com
Female,220-(637)635-8655,Andrea,Carpenter,171.38.159.23,559,acarpenterfi@flickr.com
Male,86-(347)678-1917,Eugene,Porter,226.206.88.125,560,eporterfj@unicef.org
Male,62-(698)763-1824,Brandon,Young,36.27.112.91,561,byoungfk@wufoo.com
Female,380-(336)717-6589,Gloria,Welch,241.59.244.198,562,gwelchfl@mit.edu
Male,82-(402)260-3333,Ralph,Mccoy,249.20.209.113,563,rmccoyfm@howstuffworks.com
Male,420-(287)584-1252,Paul,Brooks,200.80.195.5,564,pbrooksfn@discovery.com
Female,52-(986)184-6273,Maria,Allen,123.90.203.22,565,mallenfo@npr.org
Female,86-(329)303-2466,Kimberly,Chavez,162.223.216.123,566,kchavezfp@hostgator.com
Female,54-(234)143-7953,Catherine,Day,152.156.44.226,567,cdayfq@blogger.com
Male,34-(819)306-7311,Martin,Andrews,146.16.252.43,568,mandrewsfr@mayoclinic.com
Male,30-(635)287-3370,Steven,Knight,148.118.101.50,569,sknightfs@google.co.jp
Male,86-(944)611-4423,Jose,Ruiz,27.232.44.129,570,jruizft@amazonaws.com
Male,86-(129)509-7683,Willie,Perry,84.34.176.188,571,wperryfu@themeforest.net
Male,48-(146)423-5309,Anthony,Rivera,120.204.133.113,572,ariverafv@freewebs.com
Female,62-(209)121-0280,Marilyn,Walker,60.12.170.38,573,mwalkerfw@disqus.com
Female,234-(845)771-1390,Diana,Ray,128.125.44.17,574,drayfx@discovery.com
Male,86-(606)719-2107,Kenneth,Taylor,127.160.210.181,575,ktaylorfy@google.de
Female,505-(257)699-3140,Norma,Armstrong,120.1.250.120,576,narmstrongfz@fc2.com
Male,976-(262)431-5969,Scott,Butler,71.216.173.215,577,sbutlerg0@ow.ly
Male,46-(304)377-3425,Peter,Hall,124.184.114.114,578,phallg1@foxnews.com
Male,86-(504)429-4051,Michael,Richards,249.252.211.73,579,mrichardsg2@cnbc.com
Male,48-(905)697-1725,Albert,Black,152.224.202.83,580,ablackg3@yahoo.com
Female,86-(264)434-8214,Jacqueline,Hansen,182.5.153.224,581,jhanseng4@e-recht24.de
Male,86-(344)856-9800,Jose,Bailey,223.1.208.209,582,jbaileyg5@yahoo.co.jp
Female,225-(878)854-1078,Virginia,Hawkins,0.168.119.221,583,vhawkinsg6@yelp.com
Male,86-(930)227-7695,Todd,Williams,191.2.191.92,584,twilliamsg7@ning.com
Female,255-(588)704-0539,Patricia,Hughes,221.161.213.213,585,phughesg8@canalblog.com
Female,86-(619)191-8905,Louise,Flores,50.121.156.180,586,lfloresg9@free.fr
Male,54-(314)194-2219,Jeffrey,Shaw,145.238.35.221,587,jshawga@adobe.com
Female,389-(973)277-3495,Lisa,Greene,194.68.221.7,588,lgreenegb@typepad.com
Female,45-(342)974-7115,Amanda,King,220.155.154.230,589,akinggc@vkontakte.ru
Male,420-(818)802-5348,Aaron,Willis,129.173.180.168,590,awillisgd@quantcast.com
Female,86-(702)378-7928,Kelly,Garrett,39.120.59.63,591,kgarrettge@theatlantic.com
Female,86-(259)445-6708,Sandra,Alvarez,75.43.244.242,592,salvarezgf@youtube.com
Male,62-(825)594-9171,Fred,Gilbert,254.166.80.233,593,fgilbertgg@networkadvertising.org
Male,86-(643)838-0179,Albert,Fernandez,246.239.69.250,594,afernandezgh@senate.gov
Male,86-(661)443-9119,Terry,Castillo,241.85.168.58,595,tcastillogi@bing.com
Female,7-(272)654-0666,Teresa,Webb,223.193.126.15,596,twebbgj@ning.com
Male,86-(694)783-7067,Gary,Perkins,2.62.12.146,597,gperkinsgk@wikipedia.org
Male,98-(498)706-3517,Gerald,Henderson,196.173.158.249,598,ghendersongl@reuters.com
Female,63-(830)280-9291,Debra,Washington,38.50.131.2,599,dwashingtongm@bloglines.com
Male,94-(208)328-0154,Douglas,Rose,5.61.125.92,600,drosegn@google.com.hk
Male,57-(470)895-1379,Walter,Richardson,69.165.80.249,601,wrichardsongo@seattletimes.com
Male,233-(247)664-1399,Billy,Patterson,82.27.14.33,602,bpattersongp@opera.com
Male,598-(968)173-7004,Brandon,Lane,88.154.178.2,603,blanegq@paginegialle.it
Male,33-(819)692-7613,Ryan,Gutierrez,243.103.28.17,604,rgutierrezgr@wufoo.com
Male,33-(895)583-6919,William,Romero,170.65.141.171,605,wromerogs@va.gov
Male,64-(298)828-3810,Anthony,Mendoza,120.15.39.34,606,amendozagt@altervista.org
Male,47-(206)417-6056,Henry,Wallace,28.67.149.150,607,hwallacegu@europa.eu
Male,30-(282)836-1937,Steven,Edwards,212.56.31.216,608,sedwardsgv@addthis.com
Male,63-(910)424-1562,Ralph,Cole,203.234.107.88,609,rcolegw@uiuc.edu
Female,505-(669)726-6305,Emily,Hawkins,229.178.236.42,610,ehawkinsgx@businessweek.com
Female,212-(361)870-3420,Rebecca,Kelley,94.185.134.192,611,rkelleygy@w3.org
Female,962-(109)987-8509,Sarah,Moore,104.243.185.103,612,smooregz@cocolog-nifty.com
Male,62-(755)290-5346,Joshua,Stanley,153.137.143.86,613,jstanleyh0@cpanel.net
Male,48-(874)550-4178,Donald,Howard,196.63.7.133,614,dhowardh1@engadget.com
Male,62-(855)712-6602,Dennis,Graham,47.244.109.251,615,dgrahamh2@upenn.edu
Male,62-(254)756-7407,Patrick,Frazier,216.209.102.202,616,pfrazierh3@foxnews.com
Female,48-(528)752-1009,Annie,Riley,15.46.198.56,617,arileyh4@goo.ne.jp
Female,46-(285)483-4275,Alice,Bishop,72.197.225.120,618,abishoph5@java.com
Female,62-(761)674-1566,Susan,Palmer,162.195.106.110,619,spalmerh6@oakley.com
Male,998-(401)152-4643,Justin,Turner,63.98.55.185,620,jturnerh7@mapquest.com
Female,234-(209)835-2013,Janet,Taylor,221.54.103.56,621,jtaylorh8@canalblog.com
Male,373-(908)479-5734,Ryan,Brown,174.127.243.216,622,rbrownh9@pcworld.com
Female,7-(480)477-5493,Evelyn,King,130.150.239.229,623,ekingha@diigo.com
Male,63-(830)390-8771,Juan,Fields,15.188.88.171,624,jfieldshb@sakura.ne.jp
Female,86-(302)361-1964,Marilyn,King,27.171.210.144,625,mkinghc@icio.us
Female,7-(419)649-8074,Sharon,Harris,36.35.248.221,626,sharrishd@fotki.com
Male,54-(114)583-4145,Joseph,Reyes,245.27.11.24,627,jreyeshe@craigslist.org
Male,33-(297)750-6517,Larry,Medina,195.170.68.85,628,lmedinahf@digg.com
Female,86-(302)409-5132,Teresa,Montgomery,160.8.75.111,629,tmontgomeryhg@elpais.com
Male,7-(993)548-8593,Shawn,Lewis,150.74.50.159,630,slewishh@infoseek.co.jp
Male,1-(785)315-5456,Gary,King,102.129.12.218,631,gkinghi@t.co
Female,63-(653)869-4206,Marie,Alvarez,4.200.64.166,632,malvarezhj@scientificamerican.com
Female,66-(501)330-1572,Nancy,Montgomery,44.135.63.66,633,nmontgomeryhk@jalbum.net
Male,55-(985)305-3866,Albert,Ramos,170.35.101.48,634,aramoshl@ebay.co.uk
Female,380-(702)370-7946,Karen,Bell,244.103.172.162,635,kbellhm@typepad.com
Female,7-(892)674-2898,Nicole,Ray,138.226.226.219,636,nrayhn@toplist.cz
Male,86-(422)554-6581,Shawn,Banks,137.51.167.208,637,sbanksho@arstechnica.com
Female,7-(594)659-8411,Janet,Collins,66.11.196.227,638,jcollinshp@icq.com
Female,66-(891)200-5467,Jean,Brown,159.45.4.97,639,jbrownhq@networksolutions.com
Female,1-(639)832-0538,Jennifer,Gilbert,161.203.148.117,640,jgilberthr@w3.org
Male,46-(483)821-1791,Charles,Stone,217.43.192.61,641,cstonehs@over-blog.com
Male,502-(436)721-8200,Roger,Olson,3.224.231.201,642,rolsonht@nih.gov
Male,86-(546)958-9076,Frank,Williamson,64.39.21.149,643,fwilliamsonhu@xing.com
Male,386-(976)135-6871,Ernest,Montgomery,193.124.154.38,644,emontgomeryhv@stumbleupon.com
Male,20-(232)814-5641,Martin,Sanchez,177.248.252.1,645,msanchezhw@oaic.gov.au
Female,55-(638)920-5307,Bonnie,Duncan,196.202.108.46,646,bduncanhx@cornell.edu
Female,55-(661)907-0412,Pamela,Hawkins,85.202.100.154,647,phawkinshy@instagram.com
Male,62-(961)586-3815,Gary,Bryant,244.121.142.19,648,gbryanthz@miitbeian.gov.cn
Female,967-(604)562-8266,Catherine,Ellis,165.152.156.137,649,cellisi0@miibeian.gov.cn
Male,598-(321)851-1176,Johnny,Price,97.92.168.119,650,jpricei1@amazon.de
Male,81-(772)561-7949,Brandon,Hanson,138.223.132.146,651,bhansoni2@example.com
Female,62-(209)975-6447,Ann,Campbell,91.136.118.111,652,acampbelli3@senate.gov
Female,254-(924)548-6485,Debra,Evans,161.70.10.4,653,devansi4@princeton.edu
Female,62-(891)704-3653,Lisa,Arnold,90.66.208.9,654,larnoldi5@earthlink.net
Female,86-(319)411-6453,Sandra,Morgan,109.191.198.8,655,smorgani6@dedecms.com
Female,55-(649)825-9212,Rachel,Boyd,31.187.78.234,656,rboydi7@cbslocal.com
Female,7-(801)792-2726,Joyce,Butler,121.27.55.121,657,jbutleri8@samsung.com
Male,86-(497)763-7566,James,Hanson,212.218.56.206,658,jhansoni9@nyu.edu
Male,54-(434)462-2928,Larry,Ryan,7.51.242.81,659,lryania@sakura.ne.jp
Male,7-(403)252-6651,Stephen,Ross,78.244.213.208,660,srossib@netscape.com
Male,1-(812)444-7368,Craig,George,16.172.32.229,661,cgeorgeic@ft.com
Female,62-(878)695-6875,Nicole,Gibson,206.159.3.70,662,ngibsonid@oracle.com
Male,375-(686)954-5721,Jason,Williams,238.154.33.117,663,jwilliamsie@state.tx.us
Female,30-(554)801-9571,Betty,Perry,23.33.91.74,664,bperryif@tmall.com
Female,358-(980)343-8569,Linda,Watson,100.114.223.113,665,lwatsonig@dropbox.com
Male,1-(360)593-9684,Robert,Reyes,45.9.14.139,666,rreyesih@chronoengine.com
Male,225-(162)781-7445,Charles,Harper,128.51.199.182,667,charperii@discuz.net
Female,62-(512)761-7352,Michelle,Dean,197.178.54.187,668,mdeanij@tripod.com
Male,48-(358)596-1693,Charles,Bennett,181.237.216.202,669,cbennettik@nifty.com
Female,420-(801)174-7424,Heather,Gray,132.137.77.56,670,hgrayil@studiopress.com
Female,7-(988)668-2602,Stephanie,Collins,67.220.157.242,671,scollinsim@elegantthemes.com
Female,33-(779)751-4036,Mary,Lawson,146.24.80.34,672,mlawsonin@salon.com
Male,7-(186)823-1037,Ryan,Reyes,190.10.195.245,673,rreyesio@skyrock.com
Male,351-(963)906-5543,Donald,Thompson,18.99.242.129,674,dthompsonip@fotki.com
Female,56-(811)201-3196,Kelly,Payne,89.140.153.233,675,kpayneiq@ibm.com
Female,86-(614)910-4138,Heather,Webb,77.76.63.65,676,hwebbir@163.com
Female,63-(130)806-2537,Susan,Gilbert,39.82.205.14,677,sgilbertis@theglobeandmail.com
Male,33-(259)182-6279,Anthony,Williams,202.253.174.36,678,awilliamsit@msn.com
Female,86-(374)305-9149,Kathleen,Watson,174.235.124.202,679,kwatsoniu@dedecms.com
Male,81-(820)115-9318,Ralph,Jacobs,53.17.128.25,680,rjacobsiv@scientificamerican.com
Male,7-(471)342-1602,Paul,Mills,161.182.83.172,681,pmillsiw@ovh.net
Male,51-(885)185-3224,Christopher,Davis,52.190.246.31,682,cdavisix@nih.gov
Male,33-(808)572-3953,Todd,Lee,224.138.29.111,683,tleeiy@moonfruit.com
Male,86-(208)940-1006,Carl,Armstrong,128.0.37.130,684,carmstrongiz@cnbc.com
Female,48-(685)802-0680,Heather,Wheeler,213.42.126.139,685,hwheelerj0@chron.com
Female,504-(855)913-5323,Nancy,Gilbert,56.41.143.239,686,ngilbertj1@time.com
Female,63-(100)838-0491,Sharon,Bowman,52.56.4.156,687,sbowmanj2@salon.com
Female,62-(600)806-0709,Carolyn,Gordon,109.79.67.173,688,cgordonj3@hhs.gov
Female,86-(704)788-7081,Norma,Perry,142.144.65.113,689,nperryj4@blinklist.com
Female,62-(102)969-0774,Lois,Reyes,150.217.244.88,690,lreyesj5@cpanel.net
Female,33-(892)406-8779,Nancy,Garrett,72.152.233.233,691,ngarrettj6@stanford.edu
Male,967-(369)913-7171,Dennis,Lewis,71.255.235.246,692,dlewisj7@dailymail.co.uk
Female,62-(641)951-4012,Jane,Carr,114.159.168.207,693,jcarrj8@instagram.com
Female,7-(308)210-6815,Cheryl,Wright,180.190.96.48,694,cwrightj9@creativecommons.org
Male,86-(839)602-7153,Jason,Martinez,78.84.41.214,695,jmartinezja@upenn.edu
Male,33-(875)959-3921,Stephen,Gray,210.186.90.4,696,sgrayjb@about.me
Male,420-(224)483-3203,Joe,Campbell,46.155.145.12,697,jcampbelljc@hhs.gov
Male,7-(702)135-8305,Carlos,Howard,80.52.50.151,698,chowardjd@toplist.cz
Male,351-(968)542-0912,Daniel,Graham,56.45.89.75,699,dgrahamje@google.pl
Female,420-(292)180-1839,Kimberly,Bennett,207.81.132.98,700,kbennettjf@newyorker.com
Female,55-(219)542-5979,Kathy,Lopez,241.42.109.156,701,klopezjg@edublogs.org
Male,86-(751)730-4639,Eugene,Torres,92.51.51.3,702,etorresjh@prweb.com
Female,33-(404)586-7724,Rose,Peterson,53.214.73.195,703,rpetersonji@springer.com
Male,353-(723)352-4993,Joseph,Foster,228.2.169.144,704,jfosterjj@cbslocal.com
Male,1-(615)259-2862,Ryan,Crawford,69.152.133.63,705,rcrawfordjk@drupal.org
Male,63-(561)450-5561,James,Ryan,82.218.57.246,706,jryanjl@imageshack.us
Female,81-(184)535-0550,Doris,Brown,83.147.130.66,707,dbrownjm@wikipedia.org
Female,420-(356)591-4030,Jacqueline,Morales,180.39.122.121,708,jmoralesjn@dagondesign.com
Male,62-(556)494-8741,Bobby,Harper,61.202.134.243,709,bharperjo@shinystat.com
Female,30-(867)548-4016,Amy,Nichols,140.60.107.97,710,anicholsjp@jugem.jp
Female,48-(648)178-3138,Marilyn,Rivera,214.244.70.50,711,mriverajq@thetimes.co.uk
Female,61-(715)703-6216,Carol,Little,237.131.97.60,712,clittlejr@unesco.org
Male,63-(343)436-5748,William,Lewis,26.240.11.18,713,wlewisjs@netvibes.com
Female,352-(366)348-3610,Susan,Lynch,19.197.165.29,714,slynchjt@taobao.com
Male,86-(869)597-9585,Willie,Bell,45.189.146.222,715,wbellju@xrea.com
Male,57-(929)482-4603,Sean,George,43.193.228.40,716,sgeorgejv@photobucket.com
Male,63-(398)950-2818,Harry,Gardner,36.100.82.18,717,hgardnerjw@goo.gl
Male,7-(202)565-8142,Timothy,Carpenter,86.206.43.36,718,tcarpenterjx@discuz.net
Male,57-(252)935-4086,Jonathan,Harvey,231.133.157.27,719,jharveyjy@engadget.com
Female,357-(508)236-6603,Donna,Hansen,12.95.44.177,720,dhansenjz@networkadvertising.org
Male,351-(885)757-0714,Alan,Gordon,161.171.86.19,721,agordonk0@google.it
Female,86-(516)782-5443,Angela,Diaz,76.1.164.249,722,adiazk1@mayoclinic.com
Male,7-(485)725-4842,William,Cooper,159.28.70.89,723,wcooperk2@wisc.edu
Female,43-(350)945-3732,Cheryl,Woods,18.58.148.6,724,cwoodsk3@google.ca
Female,86-(477)590-5225,Michelle,Hill,194.125.136.68,725,mhillk4@twitpic.com
Male,86-(135)555-4979,Jerry,Cox,4.36.44.166,726,jcoxk5@plala.or.jp
Male,48-(229)615-8023,Christopher,Collins,90.201.194.228,727,ccollinsk6@ucoz.com
Male,962-(257)712-6120,Henry,Grant,171.240.95.8,728,hgrantk7@yahoo.co.jp
Male,62-(879)706-2588,Antonio,Stevens,76.241.193.225,729,astevensk8@google.co.uk
Male,86-(591)969-6695,Joe,Tucker,251.195.43.189,730,jtuckerk9@woothemes.com
Male,86-(766)979-6448,Terry,Gutierrez,137.61.85.171,731,tgutierrezka@example.com
Female,380-(744)860-5459,Stephanie,Ray,243.48.8.39,732,sraykb@unc.edu
Male,595-(429)554-2779,Henry,Sullivan,150.156.70.15,733,hsullivankc@digg.com
Male,234-(342)207-0422,Christopher,Moore,156.235.57.3,734,cmoorekd@cdc.gov
Male,86-(129)143-5237,Donald,Gordon,12.218.80.194,735,dgordonke@51.la
Female,86-(130)780-9539,Andrea,Alvarez,121.233.117.173,736,aalvarezkf@twitter.com
Male,389-(296)243-9260,Joshua,Andrews,101.98.4.192,737,jandrewskg@php.net
Male,93-(821)742-2226,Clarence,Gomez,154.131.149.148,738,cgomezkh@mtv.com
Female,62-(323)218-9431,Tammy,Bowman,169.233.212.117,739,tbowmanki@biblegateway.com
Male,81-(749)176-4761,Dennis,Brooks,35.154.36.223,740,dbrookskj@myspace.com
Male,7-(681)977-4611,Victor,Moreno,154.18.132.164,741,vmorenokk@geocities.com
Female,353-(486)401-7385,Jessica,Day,75.182.95.242,742,jdaykl@biglobe.ne.jp
Female,86-(762)832-4024,Diane,Dixon,206.91.164.38,743,ddixonkm@paginegialle.it
Female,591-(318)605-5462,Diane,Johnston,18.242.126.104,744,djohnstonkn@miibeian.gov.cn
Female,420-(982)567-7749,Martha,Hicks,104.229.72.183,745,mhicksko@twitter.com
Female,46-(379)212-0242,Carolyn,Sanders,200.242.59.226,746,csanderskp@a8.net
Female,63-(775)247-5556,Karen,Marshall,240.14.172.97,747,kmarshallkq@bing.com
Female,66-(502)750-6434,Sandra,Marshall,62.201.158.203,748,smarshallkr@studiopress.com
Female,977-(644)553-5540,Jessica,Hawkins,92.192.182.84,749,jhawkinsks@webeden.co.uk
Male,7-(768)443-1977,Alan,Wells,221.218.154.77,750,awellskt@liveinternet.ru
Female,46-(592)631-7283,Gloria,Hayes,103.21.128.7,751,ghayesku@latimes.com
Female,46-(619)798-1613,Heather,Murray,101.204.211.17,752,hmurraykv@home.pl
Male,53-(758)236-2530,Timothy,Woods,85.92.249.174,753,twoodskw@mediafire.com
Male,62-(916)488-2830,Kevin,Harrison,214.35.229.184,754,kharrisonkx@hubpages.com
Female,86-(287)978-5888,Louise,Black,163.213.248.43,755,lblackky@meetup.com
Male,55-(188)368-6359,Jerry,Ryan,8.221.151.60,756,jryankz@comcast.net
Male,52-(191)528-5978,Roger,Anderson,215.223.180.232,757,randersonl0@sun.com
Female,86-(426)622-7505,Sharon,Kennedy,58.162.53.186,758,skennedyl1@hc360.com
Male,20-(704)695-7489,Todd,Ramos,248.149.19.128,759,tramosl2@flavors.me
Male,86-(596)619-3416,William,Cunningham,47.47.38.141,760,wcunninghaml3@dagondesign.com
Female,60-(458)530-7785,Anna,Richards,127.152.138.222,761,arichardsl4@biglobe.ne.jp
Male,237-(669)807-8830,Raymond,Taylor,141.125.42.90,762,rtaylorl5@globo.com
Male,351-(258)476-5385,Charles,Gilbert,5.188.118.176,763,cgilbertl6@multiply.com
Female,46-(551)879-7087,Sharon,Ross,25.90.14.67,764,srossl7@businessweek.com
Male,44-(172)661-0110,Roy,Gomez,247.190.49.91,765,rgomezl8@prlog.org
Female,380-(571)210-3451,Judy,Dunn,220.45.97.34,766,jdunnl9@blogger.com
Female,57-(332)193-1091,Donna,Richardson,195.213.151.127,767,drichardsonla@sourceforge.net
Female,7-(533)693-3555,Rebecca,Smith,154.100.16.250,768,rsmithlb@amazon.co.uk
Female,46-(834)770-6001,Diane,Hall,141.206.107.36,769,dhalllc@washingtonpost.com
Female,86-(713)196-8787,Amy,Foster,253.130.233.79,770,afosterld@chronoengine.com
Male,55-(364)913-9351,Howard,Watson,220.40.25.124,771,hwatsonle@qq.com
Male,54-(222)613-9726,Keith,Fuller,127.144.254.197,772,kfullerlf@biblegateway.com
Male,86-(712)609-6337,Ronald,Webb,194.22.48.152,773,rwebblg@example.com
Male,351-(453)898-1992,Ralph,Russell,126.90.140.145,774,rrusselllh@nymag.com
Female,48-(283)607-9736,Doris,Diaz,135.70.64.58,775,ddiazli@nymag.com
Female,86-(119)646-7708,Kathy,Dean,223.206.221.174,776,kdeanlj@pen.io
Male,55-(410)235-1567,Dennis,Ray,19.110.204.249,777,draylk@taobao.com
Female,84-(705)592-1032,Heather,Gonzales,128.27.4.35,778,hgonzalesll@nyu.edu
Male,221-(342)838-2205,Alan,Thompson,14.214.6.170,779,athompsonlm@soundcloud.com
Male,86-(381)242-3870,Jimmy,Hawkins,238.226.22.158,780,jhawkinsln@bandcamp.com
Male,62-(352)141-8793,Johnny,Stevens,76.27.28.186,781,jstevenslo@ucla.edu
Male,420-(613)177-7318,Mark,Thomas,235.180.244.187,782,mthomaslp@artisteer.com
Male,1-(641)481-9555,Carl,Arnold,40.224.72.74,783,carnoldlq@sun.com
Female,62-(824)842-1966,Laura,Hunter,203.223.91.111,784,lhunterlr@xinhuanet.com
Male,242-(235)402-3811,Frank,Morales,181.162.114.136,785,fmoralesls@purevolume.com
Female,46-(913)303-3195,Anna,Stephens,234.204.187.195,786,astephenslt@prnewswire.com
Female,351-(471)148-2564,Angela,Adams,33.215.72.31,787,aadamslu@google.ru
Male,95-(661)312-5392,David,Perez,117.145.147.223,788,dperezlv@parallels.com
Male,55-(949)588-9909,Jonathan,Gonzales,17.204.202.242,789,jgonzaleslw@studiopress.com
Male,53-(376)420-9332,George,Nichols,91.79.6.153,790,gnicholslx@elegantthemes.com
Female,60-(367)229-3300,Catherine,Wilson,129.121.159.192,791,cwilsonly@yelp.com
Male,98-(416)136-5725,Mark,Cooper,98.142.197.66,792,mcooperlz@usnews.com
Male,995-(343)554-6683,Carl,Ryan,106.237.153.246,793,cryanm0@desdev.cn
Male,7-(375)993-0538,Victor,Mendoza,190.57.98.167,794,vmendozam1@seattletimes.com
Female,353-(285)316-0079,Barbara,Marshall,226.44.214.177,795,bmarshallm2@weibo.com
Male,63-(984)466-0474,Philip,Andrews,84.170.206.38,796,pandrewsm3@artisteer.com
Female,370-(161)670-5588,Margaret,Campbell,163.2.194.56,797,mcampbellm4@topsy.com
Female,55-(442)800-1537,Stephanie,Garza,208.74.61.211,798,sgarzam5@toplist.cz
Male,92-(630)428-6213,Steven,Gonzales,185.176.138.162,799,sgonzalesm6@unesco.org
Male,62-(785)708-9120,Jimmy,Watkins,92.31.34.208,800,jwatkinsm7@booking.com
Female,63-(768)652-8597,Lisa,Bradley,160.30.229.147,801,lbradleym8@domainmarket.com
Female,63-(767)711-2163,Nancy,Dixon,156.153.188.67,802,ndixonm9@naver.com
Female,63-(498)669-5492,Cheryl,Gomez,4.251.136.183,803,cgomezma@omniture.com
Male,48-(261)760-6248,Frank,Hall,115.136.83.196,804,fhallmb@sohu.com
Female,994-(619)339-1932,Jessica,Duncan,15.142.236.236,805,jduncanmc@yale.edu
Male,48-(899)282-4508,Bobby,Ramos,96.245.46.231,806,bramosmd@tiny.cc
Female,66-(647)977-1768,Irene,Pierce,121.149.58.9,807,ipierceme@opera.com
Male,86-(587)645-4738,Jesse,Riley,224.41.141.27,808,jrileymf@gravatar.com
Female,62-(115)300-9274,Angela,Lewis,122.71.12.152,809,alewismg@admin.ch
Male,1-(788)993-7431,Louis,Mcdonald,63.247.172.128,810,lmcdonaldmh@meetup.com
Male,351-(113)261-1699,Thomas,Hall,52.124.252.104,811,thallmi@wp.com
Male,48-(764)547-1036,Adam,Jenkins,13.61.34.233,812,ajenkinsmj@yelp.com
Female,351-(166)310-9980,Evelyn,Schmidt,0.170.151.170,813,eschmidtmk@addthis.com
Female,234-(445)916-5480,Sandra,Hunt,102.244.102.144,814,shuntml@census.gov
Male,381-(870)477-0403,Stephen,Romero,244.195.63.224,815,sromeromm@nymag.com
Female,62-(710)305-7758,Margaret,Castillo,201.60.56.4,816,mcastillomn@4shared.com
Female,267-(771)311-4232,Irene,Perez,67.97.107.161,817,iperezmo@bloglovin.com
Male,55-(774)365-0932,Randy,Reyes,3.162.70.58,818,rreyesmp@ustream.tv
Male,48-(766)549-3626,Gary,Boyd,31.138.52.8,819,gboydmq@wp.com
Male,81-(831)178-8954,Jose,Bradley,13.153.3.48,820,jbradleymr@booking.com
Male,358-(329)514-7108,Larry,Stone,65.180.151.69,821,lstonems@mayoclinic.com
Female,62-(802)823-5323,Martha,Harvey,195.36.180.255,822,mharveymt@cdbaby.com
Male,63-(595)478-6762,Carlos,Lee,78.189.124.102,823,cleemu@wordpress.com
Female,7-(164)592-8102,Brenda,Grant,95.116.164.86,824,bgrantmv@oracle.com
Male,46-(753)545-8451,James,Rose,136.2.228.73,825,jrosemw@scribd.com
Male,51-(494)246-0354,Larry,Martinez,198.249.236.8,826,lmartinezmx@networksolutions.com
Male,86-(179)939-2539,Joseph,Mills,44.211.45.23,827,jmillsmy@imdb.com
Female,598-(833)474-8928,Susan,Carter,170.81.209.10,828,scartermz@pen.io
Male,62-(176)248-3431,Terry,Baker,37.26.253.13,829,tbakern0@ucoz.ru
Female,60-(994)830-5469,Margaret,Perkins,141.108.120.7,830,mperkinsn1@com.com
Female,383-(360)640-3357,Judith,Perry,20.57.233.234,831,jperryn2@kickstarter.com
Male,86-(774)898-6517,Douglas,Black,41.83.75.36,832,dblackn3@wikia.com
Male,358-(431)641-1054,Terry,Flores,134.242.233.124,833,tfloresn4@europa.eu
Female,48-(579)255-2188,Rachel,Jordan,218.160.96.103,834,rjordann5@shop-pro.jp
Male,63-(213)949-8967,Scott,Larson,36.96.95.202,835,slarsonn6@360.cn
Male,351-(847)202-4882,Alan,Kelly,49.6.224.137,836,akellyn7@ftc.gov
Male,86-(988)674-4793,Gary,Rivera,27.48.233.63,837,griveran8@naver.com
Female,86-(580)430-9299,Kathleen,Banks,165.253.13.21,838,kbanksn9@symantec.com
Female,7-(137)376-2135,Brenda,Dean,194.188.240.8,839,bdeanna@elpais.com
Male,86-(760)745-9302,Albert,Peters,81.48.121.40,840,apetersnb@bbc.co.uk
Female,27-(612)789-1993,Diane,Gonzalez,142.73.235.75,841,dgonzaleznc@google.es
Male,212-(883)807-8768,Alan,Warren,135.212.165.184,842,awarrennd@tmall.com
Male,51-(367)854-6023,Antonio,Rivera,219.209.68.71,843,ariverane@rediff.com
Male,253-(116)597-8425,Howard,Castillo,2.74.238.206,844,hcastillonf@oaic.gov.au
Male,58-(315)760-5212,Fred,George,137.140.155.132,845,fgeorgeng@oracle.com
Male,48-(645)725-9448,Ronald,Harvey,43.143.115.169,846,rharveynh@indiatimes.com
Male,86-(773)604-3712,Ernest,Montgomery,45.161.232.111,847,emontgomeryni@google.es
Female,81-(953)370-3357,Tammy,Rodriguez,164.5.197.254,848,trodrigueznj@dailymail.co.uk
Female,63-(743)110-1918,Laura,Hunt,20.227.238.73,849,lhuntnk@blogs.com
Male,255-(449)296-1403,Jeremy,Lane,67.22.198.68,850,jlanenl@elpais.com
Female,1-(794)764-7015,Denise,Kelly,0.38.213.128,851,dkellynm@walmart.com
Female,505-(172)175-4575,Sara,Martin,154.119.228.175,852,smartinnn@slate.com
Male,30-(601)490-4313,Harold,Cole,209.139.210.163,853,hcoleno@icq.com
Female,81-(668)143-0664,Melissa,Turner,61.11.44.174,854,mturnernp@nba.com
Female,63-(751)146-1906,Janet,Freeman,111.159.194.74,855,jfreemannq@wsj.com
Female,86-(243)717-3033,Patricia,Reed,109.126.221.243,856,preednr@posterous.com
Female,1-(491)246-1063,Rose,Kelly,46.177.158.20,857,rkellyns@wired.com
Female,7-(859)491-6618,Jessica,Wood,217.200.89.168,858,jwoodnt@go.com
Male,86-(523)994-0520,Jimmy,James,70.222.75.220,859,jjamesnu@vinaora.com
Female,82-(236)309-7294,Marilyn,Franklin,205.242.74.71,860,mfranklinnv@auda.org.au
Male,385-(693)998-6552,Christopher,Harrison,195.104.197.94,861,charrisonnw@freewebs.com
Female,1-(330)814-4611,Doris,Brooks,21.193.225.202,862,dbrooksnx@nyu.edu
Female,351-(617)277-5613,Maria,Duncan,45.47.100.10,863,mduncanny@nasa.gov
Female,62-(791)830-2501,Tina,Flores,28.215.237.202,864,tfloresnz@webs.com
Female,86-(214)805-3799,Amanda,Ramos,146.113.236.253,865,aramoso0@buzzfeed.com
Male,63-(617)287-9182,John,James,67.174.111.90,866,jjameso1@dyndns.org
Female,46-(123)312-5609,Jane,Burton,155.38.171.180,867,jburtono2@1und1.de
Female,351-(158)632-6644,Evelyn,Fernandez,53.222.57.239,868,efernandezo3@gov.uk
Male,7-(545)203-2328,Terry,Mason,231.19.223.122,869,tmasono4@friendfeed.com
Male,7-(720)562-0419,Peter,Berry,21.81.240.41,870,pberryo5@addtoany.com
Female,1-(719)647-7496,Amy,Rice,116.46.225.75,871,ariceo6@google.ca
Female,1-(775)820-6031,Tina,Parker,58.93.93.63,872,tparkero7@google.es
Male,86-(301)777-5021,Victor,Hernandez,209.135.30.157,873,vhernandezo8@infoseek.co.jp
Male,34-(117)275-8502,Philip,Kim,214.246.133.8,874,pkimo9@guardian.co.uk
Male,373-(644)938-7656,Jack,Lee,97.174.143.16,875,jleeoa@pbs.org
Male,48-(672)401-7879,Kenneth,Mills,15.79.115.13,876,kmillsob@businessweek.com
Male,86-(487)146-9605,Victor,Lopez,55.187.191.189,877,vlopezoc@ow.ly
Male,212-(596)379-5328,Jason,Cruz,194.212.14.60,878,jcruzod@hubpages.com
Female,62-(726)855-9138,Kathryn,Thompson,195.106.26.123,879,kthompsonoe@i2i.jp
Female,86-(578)976-5445,Carolyn,Franklin,11.230.81.211,880,cfranklinof@linkedin.com
Female,86-(337)814-7922,Louise,Graham,192.148.99.240,881,lgrahamog@tamu.edu
Female,86-(378)551-1434,Jacqueline,White,177.26.158.211,882,jwhiteoh@goodreads.com
Female,62-(895)757-1938,Janet,Peters,157.1.129.112,883,jpetersoi@icio.us
Male,389-(726)621-3606,Jonathan,Franklin,46.70.208.57,884,jfranklinoj@yahoo.com
Male,86-(508)672-4533,Dennis,Gordon,105.44.144.27,885,dgordonok@godaddy.com
Male,62-(500)338-4652,Arthur,Lewis,122.31.32.121,886,alewisol@twitpic.com
Female,7-(307)724-4121,Ashley,Ford,197.31.113.88,887,afordom@etsy.com
Male,30-(422)361-0991,Benjamin,Butler,180.247.191.231,888,bbutleron@yelp.com
Female,1-(617)369-4950,Alice,Ramirez,109.62.13.173,889,aramirezoo@w3.org
Female,62-(491)768-2809,Wanda,King,54.253.140.67,890,wkingop@liveinternet.ru
Female,86-(554)248-3177,Irene,Elliott,5.76.124.60,891,ielliottoq@vistaprint.com
Male,351-(729)496-2242,Adam,Wells,48.65.130.201,892,awellsor@linkedin.com
Male,30-(409)804-2415,Frank,Stewart,133.32.233.237,893,fstewartos@bizjournals.com
Male,374-(126)216-2664,Wayne,Henderson,232.129.42.19,894,whendersonot@comcast.net
Female,27-(678)557-0347,Janet,Wagner,193.220.30.103,895,jwagnerou@dailymotion.com
Female,62-(151)886-1651,Joyce,Mcdonald,58.218.217.211,896,jmcdonaldov@youtube.com
Male,381-(471)540-4826,Johnny,Jenkins,83.57.116.81,897,jjenkinsow@cmu.edu
Male,86-(566)954-0895,Jerry,Burns,75.180.6.75,898,jburnsox@hibu.com
Female,62-(767)161-5601,Donna,Cook,106.234.87.130,899,dcookoy@wikipedia.org
Male,86-(450)621-7716,Fred,Brooks,6.212.224.19,900,fbrooksoz@oakley.com
Male,51-(374)981-5683,Anthony,Morris,53.9.202.20,901,amorrisp0@linkedin.com
Female,92-(796)374-5959,Anne,Scott,150.7.168.96,902,ascottp1@i2i.jp
Female,48-(118)469-3479,Maria,Bell,119.110.123.3,903,mbellp2@paypal.com
Female,62-(846)859-0079,Rebecca,Harris,220.155.243.56,904,rharrisp3@admin.ch
Female,351-(315)374-3479,Nancy,Cooper,113.49.51.212,905,ncooperp4@imgur.com
Male,81-(101)985-7803,Thomas,Fisher,208.131.97.250,906,tfisherp5@tamu.edu
Male,86-(922)568-3358,Juan,Barnes,97.227.148.114,907,jbarnesp6@quantcast.com
Female,53-(302)257-8047,Patricia,Perkins,105.166.58.230,908,pperkinsp7@answers.com
Male,94-(126)586-4426,David,Stanley,196.251.197.61,909,dstanleyp8@addtoany.com
Male,62-(181)407-9780,Peter,Fuller,160.96.110.94,910,pfullerp9@aboutads.info
Male,57-(776)770-5650,Arthur,Ramos,103.109.20.217,911,aramospa@histats.com
Female,48-(638)402-9340,Sara,Flores,202.75.78.121,912,sflorespb@sakura.ne.jp
Male,33-(826)601-6300,Craig,Gilbert,62.246.139.141,913,cgilbertpc@admin.ch
Female,420-(317)372-9734,Joan,Bishop,210.103.230.112,914,jbishoppd@house.gov
Male,86-(935)457-3833,Jerry,Snyder,237.138.47.88,915,jsnyderpe@acquirethisname.com
Male,30-(716)539-8066,Ralph,Welch,66.129.248.125,916,rwelchpf@networkadvertising.org
Male,7-(935)726-9293,Benjamin,Butler,11.161.48.225,917,bbutlerpg@vistaprint.com
Male,84-(173)267-2778,Roy,Hamilton,234.119.234.161,918,rhamiltonph@bizjournals.com
Male,31-(541)964-6358,Jonathan,Nelson,223.210.202.188,919,jnelsonpi@senate.gov
Female,850-(686)295-4487,Phyllis,Mccoy,204.136.208.54,920,pmccoypj@unicef.org
Female,389-(878)100-0638,Lisa,Brown,18.146.41.233,921,lbrownpk@meetup.com
Male,86-(796)734-3640,Todd,Sims,26.16.21.0,922,tsimspl@msu.edu
Male,46-(587)449-2623,Roy,Green,194.150.49.159,923,rgreenpm@newsvine.com
Male,86-(332)935-3262,Nicholas,Dean,205.94.208.112,924,ndeanpn@wikispaces.com
Female,1-(732)266-1702,Bonnie,Roberts,0.126.197.242,925,brobertspo@google.ru
Female,375-(601)646-9384,Elizabeth,Williams,19.177.236.72,926,ewilliamspp@usnews.com
Female,62-(285)318-3461,Nancy,Simmons,255.90.226.236,927,nsimmonspq@europa.eu
Female,970-(671)275-6893,Lisa,Cunningham,101.69.163.50,928,lcunninghampr@opera.com
Male,46-(265)198-8496,Douglas,Watkins,170.98.64.97,929,dwatkinsps@opensource.org
Male,62-(293)551-7501,Douglas,Dunn,140.209.13.170,930,ddunnpt@dropbox.com
Male,86-(156)293-0643,Harry,Henry,113.212.190.92,931,hhenrypu@wikimedia.org
Male,63-(327)231-4321,Scott,Warren,174.115.2.42,932,swarrenpv@so-net.ne.jp
Female,33-(222)587-0493,Theresa,Day,97.113.96.104,933,tdaypw@eventbrite.com
Female,359-(808)193-4628,Melissa,Rogers,111.197.106.201,934,mrogerspx@1688.com
Female,57-(842)253-3784,Diane,Watson,140.2.44.96,935,dwatsonpy@geocities.jp
Female,86-(851)535-2162,Anna,Howell,233.154.105.82,936,ahowellpz@shinystat.com
Female,381-(696)307-8507,Anna,Little,178.182.249.127,937,alittleq0@weibo.com
Male,351-(586)322-4647,Wayne,George,41.185.78.125,938,wgeorgeq1@pbs.org
Male,86-(117)421-6020,Keith,Hall,172.37.236.50,939,khallq2@comsenz.com
Female,62-(235)419-3826,Sharon,Kelly,45.187.201.242,940,skellyq3@feedburner.com
Female,257-(268)455-0289,Donna,Willis,25.255.61.98,941,dwillisq4@e-recht24.de
Female,966-(726)810-7719,Lillian,Warren,43.200.36.40,942,lwarrenq5@fda.gov
Female,57-(275)983-6739,Jean,Graham,68.199.193.22,943,jgrahamq6@dell.com
Male,86-(805)227-1816,Aaron,Perez,56.44.125.186,944,aperezq7@pagesperso-orange.fr
Male,1-(918)508-3040,Scott,Diaz,209.224.111.204,945,sdiazq8@dot.gov
Female,1-(208)891-8384,Donna,Burke,162.110.243.209,946,dburkeq9@ed.gov
Female,263-(138)374-8483,Maria,Fernandez,245.105.6.240,947,mfernandezqa@nps.gov
Female,261-(690)340-4877,Andrea,Chavez,105.193.146.109,948,achavezqb@imageshack.us
Female,62-(126)846-2992,Alice,Cooper,137.114.211.96,949,acooperqc@opera.com
Male,380-(867)119-9861,Daniel,Gomez,122.212.68.24,950,dgomezqd@phpbb.com
Female,63-(261)610-6427,Phyllis,Ramirez,139.122.166.88,951,pramirezqe@cdc.gov
Male,86-(180)489-9899,Billy,Hunter,235.209.119.211,952,bhunterqf@earthlink.net
Male,54-(908)682-6021,Ernest,Thomas,44.236.165.138,953,ethomasqg@indiatimes.com
Female,62-(483)982-8330,Heather,Knight,92.242.150.202,954,hknightqh@theguardian.com
Female,54-(492)497-7531,Rose,Hayes,112.102.157.1,955,rhayesqi@weibo.com
Male,48-(145)968-4097,Jason,Grant,242.173.110.39,956,jgrantqj@indiatimes.com
Female,55-(671)786-9121,Julie,Castillo,241.176.72.120,957,jcastilloqk@myspace.com
Male,374-(683)330-4894,Aaron,Rodriguez,237.80.181.193,958,arodriguezql@illinois.edu
Male,55-(996)820-8915,Chris,Nelson,4.98.242.207,959,cnelsonqm@state.gov
Female,62-(602)680-7853,Sandra,Cunningham,47.94.6.152,960,scunninghamqn@paypal.com
Female,55-(605)379-5237,Jessica,West,164.107.107.137,961,jwestqo@photobucket.com
Male,86-(452)123-8405,Scott,Marshall,185.8.252.91,962,smarshallqp@google.de
Female,62-(589)792-3850,Virginia,Murphy,206.163.146.235,963,vmurphyqq@shop-pro.jp
Male,86-(886)316-8112,Jesse,Snyder,103.176.184.90,964,jsnyderqr@godaddy.com
Male,53-(757)795-6776,Sean,Marshall,0.78.97.60,965,smarshallqs@bravesites.com
Male,84-(575)698-4098,Johnny,Daniels,29.104.221.67,966,jdanielsqt@army.mil
Male,62-(268)763-4438,Victor,Wells,164.77.112.93,967,vwellsqu@columbia.edu
Female,420-(705)527-6747,Doris,Stanley,95.218.131.82,968,dstanleyqv@jigsy.com
Male,81-(972)827-0822,Brandon,Spencer,86.185.102.217,969,bspencerqw@chronoengine.com
Female,53-(221)124-5735,Debra,Morrison,124.14.127.65,970,dmorrisonqx@opensource.org
Male,256-(439)894-6406,Shawn,Cox,239.71.34.113,971,scoxqy@phpbb.com
Female,62-(294)255-1012,Joyce,Carr,49.109.67.249,972,jcarrqz@gizmodo.com
Female,48-(596)862-7850,Dorothy,Cooper,38.165.40.72,973,dcooperr0@ibm.com
Male,62-(355)224-8571,Brian,Hicks,137.227.80.59,974,bhicksr1@webeden.co.uk
Female,507-(230)944-4034,Bonnie,Grant,146.95.37.28,975,bgrantr2@vimeo.com
Female,48-(856)288-1121,Anne,Palmer,229.118.152.184,976,apalmerr3@huffingtonpost.com
Female,351-(498)717-8025,Rose,White,110.197.134.147,977,rwhiter4@sakura.ne.jp
Male,86-(127)381-0717,John,Sims,175.214.225.245,978,jsimsr5@behance.net
Male,353-(379)579-2879,Jonathan,Torres,48.178.1.67,979,jtorresr6@boston.com
Male,1-(501)467-5043,Ralph,Berry,138.59.54.121,980,rberryr7@hc360.com
Male,255-(145)954-8349,Martin,Andrews,173.107.224.99,981,mandrewsr8@geocities.com
Male,1-(602)427-7978,Scott,Fowler,81.141.139.58,982,sfowlerr9@parallels.com
Male,380-(479)617-5156,Carlos,Roberts,203.225.162.45,983,crobertsra@sohu.com
Male,504-(131)603-7268,Alan,Parker,53.112.120.109,984,aparkerrb@soup.io
Male,63-(754)774-2955,Justin,Hamilton,65.193.88.99,985,jhamiltonrc@unc.edu
Male,86-(408)226-9910,Bobby,Matthews,66.180.128.104,986,bmatthewsrd@ftc.gov
Female,255-(368)319-2184,Judith,Butler,136.109.75.10,987,jbutlerre@webmd.com
Female,7-(140)811-7210,Sara,Collins,69.146.119.49,988,scollinsrf@craigslist.org
Female,86-(589)617-3675,Jessica,Ray,214.239.140.81,989,jrayrg@miitbeian.gov.cn
Female,420-(579)616-4815,Heather,Harper,91.117.170.181,990,hharperrh@addthis.com
Female,502-(428)826-9147,Judy,Nguyen,223.39.52.185,991,jnguyenri@livejournal.com
Female,48-(954)773-9359,Nancy,Gordon,24.90.220.178,992,ngordonrj@cbslocal.com
Female,63-(112)273-2799,Tina,Green,113.53.55.117,993,tgreenrk@newyorker.com
Male,56-(378)587-6481,Justin,Harper,135.44.41.82,994,jharperrl@wordpress.com
Female,60-(395)258-4920,Melissa,Parker,50.216.138.125,995,mparkerrm@mail.ru
Female,44-(720)786-3141,Marilyn,Ramirez,65.222.101.112,996,mramirezrn@blogspot.com
Female,255-(511)526-6441,Christina,Phillips,112.44.244.11,997,cphillipsro@bandcamp.com
Male,420-(523)519-7416,Alan,Larson,233.188.201.63,998,alarsonrp@1688.com
Female,385-(948)126-4335,Kathy,Butler,38.35.134.112,999,kbutlerrq@indiatimes.com
Female,52-(814)139-6202,Amy,Ruiz,108.175.51.228,1000,aruizrr@alexa.com
